rank,samples,cumulative_samples,cumulative_coverage_pct,raw_lbr0_to,branch_type,binary_resolved,addr,cacheline64,mangled,demangled
1,14458,14458,29.205720749838395,[unknown],COND,0,,,,
2,1134,15592,31.496444731738848,malloc+0x8a,UNCOND,0,,,,
3,735,16327,32.98117323852618,malloc+0x54,RET,0,,,,
4,692,17019,34.37904007756949,std::_Sp_counted_base<(__gnu_cxx::_Lock_policy)2>::_M_release()+0x0,IND,1,0x1391d0,0x1391c0,_ZNSt16_Sp_counted_baseILN9__gnu_cxx12_Lock_policyE2EE10_M_releaseEv,std::_Sp_counted_base<(__gnu_cxx::_Lock_policy)2>::_M_release()
5,674,17693,35.740546218487395,pthread_mutex_lock+0x0,IND,0,,,,
6,663,18356,37.07983193277311,malloc+0xd0,COND,0,,,,
7,654,19010,38.40093729799612,free+0x0,IND,0,,,,
8,628,19638,39.669521654815775,free+0x4c,RET,0,,,,
9,559,20197,40.79872333548804,__dynamic_cast+0x5e,COND,0,,,,
10,546,20743,41.90166451195863,pthread_mutex_lock+0x58,COND,0,,,,
11,487,21230,42.885423400129284,jaegertracing::thrift::Span::__set_duration(long)+0x0,IND,0,,,,
12,413,21643,43.71969941822883,pthread_mutex_unlock+0x0,IND,0,,,,
13,380,22023,44.4873141564318,opentracing::v2::Tracer::Global()+0x0,IND,0,,,,
14,350,22373,45.194327731092436,pthread_mutex_lock+0x84,COND,0,,,,
15,321,22694,45.84276018099548,malloc+0x0,IND,0,,,,
16,309,23003,46.46695216548158,__dynamic_cast+0x80,COND,0,,,,
17,301,23304,47.07498383968972,strlen+0x0,IND,0,,,,
18,270,23574,47.620394311570784,jaegertracing::thrift::SpanRef::~SpanRef()+0x0,IND,0,,,,
19,259,23833,48.14358435681965,std::_Sp_counted_base<(__gnu_cxx::_Lock_policy)2>::_M_release()+0x40,COND,1,0x139210,0x139200,_ZNSt16_Sp_counted_baseILN9__gnu_cxx12_Lock_policyE2EE10_M_releaseEv,std::_Sp_counted_base<(__gnu_cxx::_Lock_policy)2>::_M_release()
20,254,24087,48.6566742081448,pthread_mutex_unlock+0x46,COND,0,,,,
21,251,24338,49.163703943115706,jaegertracing::SpanContext::SpanContext()+0x0,IND,1,0x69300,0x69300,_ZN13jaegertracing11SpanContextC2ERKNS_7TraceIDEmmhRKSt13unordered_mapINSt7__cxx1112basic_stringIcSt11char_traitsIcESaIcEEESA_St4hashISA_ESt8equal_toISA_ESaISt4pairIKSA_SA_EEERSG_,"jaegertracing::SpanContext::SpanContext(jaegertracing::TraceID const&, unsigned long, unsigned long, unsigned char, std::unordered_map<std::__cxx11::basic_string<char, std::char_traits<char>, std::allocator<char>>, std::__cxx11::basic_string<char, std::char_traits<char>, std::allocator<char>>, std::hash<std::__cxx11::basic_string<char, std::char_traits<char>, std::allocator<char>>>, std::equal_to<std::__cxx11::basic_string<char, std::char_traits<char>, std::allocator<char>>>, std::allocator<std::pair<std::__cxx11::basic_string<char, std::char_traits<char>, std::allocator<char>> const, std::__cxx11::basic_string<char, std::char_traits<char>, std::allocator<char>>>>> const&, std::__cxx11::basic_string<char, std::char_traits<char>, std::allocator<char>> const&)"
22,231,24569,49.63033290239173,bson_destroy+0x0,IND,0,,,,
23,230,24799,50.094941822883,_mongoc_rpc_gather+0x0,IND,0,,,,
24,217,25016,50.533290239172594,_mongoc_rpc_scatter+0x0,IND,0,,,,
25,211,25227,50.95951842275372,std::istream::get(char&)+0x0,IND,0,,,,
26,196,25423,51.35544602456367,__dynamic_cast+0x0,IND,0,,,,
27,195,25618,51.74935358758888,sw::redis::SafeConnection::~SafeConnection()+0x43f,COND,0,,,,
28,185,25803,52.12306076276664,std::locale::locale()+0x80,COND,0,,,,
29,180,25983,52.486667744020686,std::istream::get(char&)+0xb0,COND,0,,,,
30,177,26160,52.84421460892049,vfprintf+0x37d,COND,0,,,,
31,176,26336,53.199741435035556,sw::redis::ConnectionPool::_fetch()+0x0,CALL,1,0x131f40,0x131f40,_ZN2sw5redis14ConnectionPool6_fetchEv,sw::redis::ConnectionPool::_fetch()
32,174,26510,53.551228183581124,__libc_calloc+0xdd,UNCOND,0,,,,
33,159,26669,53.87241435035553,std::ostream::sentry::sentry(std::ostream&)+0x38,COND,0,,,,
34,156,26825,54.187540400775696,mongoc_cluster_stream_for_writes+0x0,IND,0,,,,
35,152,26977,54.49458629605689,strchrnul+0x0,CALL,0,,,,
36,151,27128,54.79961215255333,pthread_mutex_trylock+0x77,UNCOND,0,,,,
37,141,27269,55.084437621202326,__pthread_disable_asynccancel+0x0,CALL,0,,,,
38,141,27410,55.36926308985132,std::ios_base::_M_init()+0x4f,RET,0,,,,
39,125,27535,55.621767937944405,bson_copy_to+0x0,IND,0,,,,
40,120,27655,55.86417259211377,mongoc_set_get_item+0x0,IND,0,,,,
41,118,27773,56.10253716871364,std::istream::get(char&)+0x36,RET,0,,,,
42,116,27889,56.33686166774402,std::__future_base::_Async_state_commonV2::_M_complete_async()+0x60,RET,1,0x83680,0x83680,_ZNSt13__future_base21_Async_state_commonV217_M_complete_asyncEv,std::__future_base::_Async_state_commonV2::_M_complete_async()
43,114,28003,56.56714608920491,mongoc_read_prefs_copy+0x0,IND,0,,,,
44,112,28115,56.79339043309631,_mongoc_queue_pop_head+0x0,IND,0,,,,
45,108,28223,57.01155462184874,mongoc_set_get+0x0,IND,0,,,,
46,108,28331,57.22971881060116,realloc+0x0,IND_CALL,0,,,,
47,107,28438,57.445862960568846,sw::redis::ConnectionPool::fetch()+0xef1,COND,1,0x133fc1,0x133fc0,_ZN2sw5redis14ConnectionPool5fetchEv,sw::redis::ConnectionPool::fetch()
48,106,28544,57.65998707175178,bson_iter_next+0x50,COND,0,,,,
49,103,28647,57.86805106658048,mongoc_stream_buffered_writev+0x0,IND,0,,,,
50,103,28750,58.076115061409176,mongoc_server_description_reset+0x0,IND,0,,,,
51,102,28852,58.28215901745313,mongoc_client_get_collection+0x0,IND,0,,,,
52,102,28954,58.48820297349709,bcon_new+0x0,IND,0,,,,
53,101,29055,58.6922268907563,apache::thrift::server::TConnectedClient::run()+0x125,RET,0,,,,
54,100,29155,58.89423076923077,vfprintf+0x1e48,IND,0,,,,
55,99,29254,59.09421460892049,sw::redis::ConnectionPool::fetch()+0x0,CALL,1,0x1330d0,0x1330c0,_ZN2sw5redis14ConnectionPool5fetchEv,sw::redis::ConnectionPool::fetch()
56,98,29352,59.29217840982547,apache::thrift::protocol::TProtocol::~TProtocol()+0x0,IND,0,,,,
57,97,29449,59.488122171945705,mongoc_server_description_new_copy+0x1a,RET,0,,,,
58,97,29546,59.684065934065934,__vsnprintf_chk+0x0,IND,0,,,,
59,95,29641,59.87596961861668,bson_vsnprintf+0x0,IND,0,,,,
60,95,29736,60.067873303167424,mongoc_topology_scanner_valid+0x0,IND,0,,,,
61,90,29826,60.24967679379444,sdscatlen+0x0,CALL,1,0x11d1f0,0x11d1c0,sdscatlen,sdscatlen
62,90,29916,60.43148028442146,pthread_create@@GLIBC_2.2.5+0x5ae,COND,0,,,,
63,89,30005,60.61126373626374,bson_init+0x0,IND,0,,,,
64,86,30091,60.78498707175178,jaegertracing::thrift::Span::__set_parentSpanId(long)+0x0,IND,0,,,,
65,85,30176,60.95669036845507,std::istream::putback(char)+0x0,IND,0,,,,
66,83,30259,61.12435358758888,jaegertracing::SpanContext::fromStream(std::istream&)+0x0,IND,0,,,,
67,82,30341,61.28999676793794,jaegertracing::thrift::Span::~Span()+0x0,IND,0,,,,
68,81,30422,61.453619909502265,mongoc_cluster_run_command_monitored+0x0,IND,0,,,,
69,77,30499,61.609162895927604,pthread_mutex_trylock+0x0,IND,0,,,,
70,77,30576,61.76470588235294,std::chrono::_V2::steady_clock::now()+0x21,RET,0,,,,
71,76,30652,61.91822882999354,__tls_get_addr+0x0,IND,0,,,,
72,75,30727,62.069731738849384,vfprintf+0x18cb,COND,0,,,,
73,74,30801,62.21921460892049,mongoc_server_description_handle_ismaster+0x1b0,RET,0,,,,
74,74,30875,62.3686974789916,jaegertracing::reporters::RemoteReporter::sweepQueue()+0xa8,COND,0,,,,
75,73,30948,62.51616031027796,bson_get_data+0x0,IND,0,,,,
76,73,31021,62.663623141564315,mongoc_collection_find_and_modify_with_opts+0x0,IND,0,,,,
77,73,31094,62.81108597285068,_bson_append.constprop.23+0x9e,COND,0,,,,
78,72,31166,62.956528765352296,vfprintf+0x1b47,COND,0,,,,
79,72,31238,63.10197155785391,jaegertracing::reporters::RemoteReporter::sweepQueue()+0x103,UNCOND,0,,,,
80,71,31309,63.245394311570784,std::ios_base::ios_base()+0x0,IND,0,,,,
81,70,31379,63.38679702650291,__libc_calloc+0x148,COND,0,,,,
82,70,31449,63.52819974143504,mongoc_cmd_parts_init+0x0,IND,0,,,,
83,70,31519,63.669602456367166,mongoc_socket_sendv+0xd2,RET,0,,,,
84,70,31589,63.811005171299286,sw::redis::ConnectionPool::release(sw::redis::Connection)+0x558,COND,1,0x1306c8,0x1306c0,_ZN2sw5redis14ConnectionPool7releaseENS0_10ConnectionE,sw::redis::ConnectionPool::release(sw::redis::Connection)
85,69,31658,63.95038784744667,__pthread_enable_asynccancel+0x0,CALL,0,,,,
86,69,31727,64.08977052359405,bson_bcon_magic+0x0,IND,0,,,,
87,69,31796,64.22915319974143,mongoc_topology_select_server_id+0x0,IND,0,,,,
88,68,31864,64.36651583710407,mongoc_server_description_handle_ismaster+0x278,RET,0,,,,
89,68,31932,64.50387847446672,mongoc_stream_writev+0x0,IND,0,,,,
90,68,32000,64.64124111182934,bson_iter_as_bool+0x0,IND,0,,,,
91,68,32068,64.77860374919199,_dl_allocate_tls_init+0x0,IND,0,,,,
92,67,32135,64.91394634776988,__pthread_once+0x0,IND,0,,,,
93,66,32201,65.04726890756302,mongoc_write_concern_is_valid+0x0,IND,0,,,,
94,66,32267,65.18059146735618,bcon_append_ctx_va+0x131,RET,0,,,,
95,66,32333,65.31391402714932,vfprintf+0x88e,IND,0,,,,
96,66,32399,65.44723658694247,std::ostream::sentry::sentry(std::ostream&)+0x0,IND,0,,,,
97,65,32464,65.57853910795087,_mongoc_topology_pop_server_session+0x0,IND,0,,,,
98,65,32529,65.70984162895928,mongoc_client_start_session+0x0,IND,0,,,,
99,65,32594,65.84114414996768,bson_iter_key@plt+0x0,CALL,0,,,,
100,64,32658,65.97042663219133,std::__detail::_List_node_base::_M_hook(std::__detail::_List_node_base*)+0x0,IND,0,,,,
101,64,32722,66.09970911441499,_mongoc_client_unregister_session+0x0,IND,0,,,,
102,64,32786,66.22899159663865,std::locale::~locale()+0x0,IND,0,,,,
103,64,32850,66.35827407886231,mongoc_server_description_new_copy+0x0,IND,0,,,,
104,63,32913,66.48553652230123,mongoc_find_and_modify_opts_set_flags+0x0,IND,0,,,,
105,63,32976,66.61279896574014,social_network::UserTimelineService_WriteUserTimeline_args::read(apache::thrift::protocol::TProtocol*)+0x0,CALL,1,0x8c760,0x8c740,_ZN14social_network42UserTimelineService_WriteUserTimeline_args4readEPN6apache6thrift8protocol9TProtocolE,social_network::UserTimelineService_WriteUserTimeline_args::read(apache::thrift::protocol::TProtocol*)
106,62,33038,66.73804137039431,_mongoc_topology_pop_server_session+0x5f,COND,0,,,,
107,62,33100,66.86328377504849,bson_copy_to+0xf0,COND,0,,,,
108,62,33162,66.98852617970265,sdsMakeRoomFor+0x55,UNCOND,1,0x11c7b5,0x11c780,sdsMakeRoomFor,sdsMakeRoomFor
109,62,33224,67.11376858435682,jaegertracing::reporters::RemoteReporter::sweepQueue()+0x1798,COND,0,,,,
110,62,33286,67.23901098901099,bcon_append_ctx_va+0x578,COND,0,,,,
111,61,33347,67.36223335488042,realloc+0x150,COND,0,,,,
112,61,33408,67.48545572074984,bson_append_document_begin+0x0,IND,0,,,,
113,61,33469,67.60867808661926,mongoc_cluster_run_opmsg+0x1d0,RET,0,,,,
114,60,33529,67.72988041370394,_mongoc_client_session_append_read_concern+0x0,IND,0,,,,
115,60,33589,67.85108274078863,jaegertracing::SpanContext::fromStream(std::istream&)+0x9d8,RET,0,,,,
116,60,33649,67.9722850678733,__libc_calloc+0x80,UNCOND,0,,,,
117,60,33709,68.09348739495799,jaegertracing::SpanContext::swap(jaegertracing::SpanContext&)+0x0,IND,1,0x6a600,0x6a600,_ZN13jaegertracing11SpanContext4swapERS0_,jaegertracing::SpanContext::swap(jaegertracing::SpanContext&)
118,60,33769,68.21468972204266,bson_append_int64+0x0,IND,0,,,,
119,60,33829,68.33589204912734,_mongoc_cluster_stream_for_server+0x0,IND,0,,,,
120,59,33888,68.45507433742728,memcpy@plt+0x0,CALL,0,,,,
121,58,33946,68.57223658694247,_mongoc_buffer_append_from_stream+0x0,IND,0,,,,
122,58,34004,68.68939883645766,strtoull+0x0,IND,0,,,,
123,58,34062,68.80656108597285,apache::thrift::transport::TFramedTransport::readEnd()+0x4f,COND,0,,,,
124,57,34119,68.9217032967033,apache::thrift::transport::TFramedTransport::writeEnd()+0x0,IND_CALL,0,,,,
125,57,34176,69.03684550743374,mongoc_topology_description_select+0x0,IND,0,,,,
126,57,34233,69.1519877181642,mongoc_session_opts_get_causal_consistency+0x0,IND,0,,,,
127,57,34290,69.26712992889463,vfprintf+0x2a0,COND,0,,,,
128,57,34347,69.38227213962509,_IO_default_xsputn+0x0,IND_CALL,0,,,,
129,57,34404,69.49741435035553,vfprintf+0x0,CALL,0,,,,
130,57,34461,69.61255656108597,jaegertracing::thrift::SpanRef::__set_spanId(long)+0x0,IND,0,,,,
131,56,34517,69.72567873303167,realloc+0x199,RET,0,,,,
132,56,34573,69.83880090497738,pthread_cond_signal@@GLIBC_2.3.2+0x0,IND,0,,,,
133,55,34628,69.94990303813833,_mongoc_topology_scanner_set_cluster_time+0x0,IND,0,,,,
134,54,34682,70.05898513251455,_IO_default_xsputn+0xc0,COND,0,,,,
135,54,34736,70.16806722689076,mongoc_find_and_modify_opts_new+0x0,IND,0,,,,
136,53,34789,70.27512928248223,mongoc_find_and_modify_opts_set_update+0x0,IND,0,,,,
137,53,34842,70.3821913380737,realloc+0xf0,COND,0,,,,
138,52,34894,70.48723335488042,pthread_create@@GLIBC_2.2.5+0x4f4,RET,0,,,,
139,52,34946,70.59227537168714,__vsnprintf_chk+0x96,RET,0,,,,
140,52,34998,70.69731738849386,mongoc_write_concern_copy+0x0,IND,0,,,,
141,52,35050,70.80235940530058,__clock_gettime+0x0,IND,0,,,,
142,52,35102,70.9074014221073,apache::thrift::protocol::TCompactProtocolT<apache::thrift::transport::TTransport>::~TCompactProtocolT()+0x0,IND,0,,,,
143,52,35154,71.01244343891403,social_network::UserTimelineService_ReadUserTimeline_args::read(apache::thrift::protocol::TProtocol*)+0x3fe,COND,1,0x8db5e,0x8db40,_ZN14social_network41UserTimelineService_ReadUserTimeline_args4readEPN6apache6thrift8protocol9TProtocolE,social_network::UserTimelineService_ReadUserTimeline_args::read(apache::thrift::protocol::TProtocol*)
144,52,35206,71.11748545572075,bson_new+0x0,IND,0,,,,
145,52,35258,71.22252747252747,mongoc_cmd_parts_assemble+0x0,IND,0,,,,
146,52,35310,71.3275694893342,bson_iter_as_int64+0x0,IND,0,,,,
147,51,35361,71.43059146735618,pthread_create@@GLIBC_2.2.5+0x198,UNCOND,0,,,,
148,51,35412,71.53361344537815,mongoc_write_concern_copy+0x13,RET,0,,,,
149,50,35462,71.63461538461539,redisReaderGetReply+0xd1,UNCOND,1,0x1223c1,0x1223c0,redisReaderGetReply,redisReaderGetReply
150,50,35512,71.73561732385262,_mongoc_cluster_create_server_stream+0x0,IND,0,,,,
151,50,35562,71.83661926308986,bson_iter_init_find+0x0,IND,0,,,,
152,50,35612,71.93762120232708,jaegertracing::SpanContext::fromStream(std::istream&)+0x2e9,COND,0,,,,
153,50,35662,72.03862314156432,bcon_append_ctx_va+0x1c0,COND,0,,,,
154,49,35711,72.1376050420168,redisReaderGetReply+0x0,CALL,1,0x1222f0,0x1222c0,redisReaderGetReply,redisReaderGetReply
155,49,35760,72.2365869424693,apache::thrift::transport::TFramedTransport::flush()+0x41,RET,0,,,,
156,49,35809,72.33556884292179,apache::thrift::transport::TFramedTransport::flush()+0x0,IND_CALL,0,,,,
157,49,35858,72.43455074337427,mongoc_cluster_run_opmsg+0x3f0,COND,0,,,,
158,49,35907,72.53353264382676,bson_iter_bool+0x0,IND,0,,,,
159,49,35956,72.63251454427925,std::ios_base::_M_init()+0x38,RET,0,,,,
160,49,36005,72.73149644473173,jaegertracing::reporters::RemoteReporter::sweepQueue()+0xd88,COND,0,,,,
161,48,36053,72.82845830639948,bson_append_bool+0x0,IND,0,,,,
162,48,36101,72.92542016806723,vfprintf+0x2793,IND,0,,,,
163,48,36149,73.02238202973497,_mongoc_buffer_fill+0x70,RET,0,,,,
164,47,36196,73.11732385261797,mongoc_find_and_modify_opts_set_sort+0x0,IND,0,,,,
165,47,36243,73.21226567550097,mongoc_cmd_parts_append_opts+0x0,IND,0,,,,
166,47,36290,73.30720749838397,sdscatfmt+0x770,COND,1,0x11e080,0x11e080,sdscatfmt,sdscatfmt
167,47,36337,73.40214932126698,apache::thrift::server::TConnectedClient::run()+0xf8,COND,0,,,,
168,46,36383,73.49507110536523,_mongoc_get_command_name+0x64,RET,0,,,,
169,46,36429,73.58799288946348,pthread_create@@GLIBC_2.2.5+0x0,IND,0,,,,
170,46,36475,73.68091467356173,malloc@plt+0x0,IND_CALL,0,,,,
171,45,36520,73.77181641887525,mongoc_write_concern_new+0x0,IND,0,,,,
172,44,36564,73.86069812540401,mongoc_cluster_run_opmsg+0x0,CALL,0,,,,
173,44,36608,73.94957983193277,_mongoc_stream_writev_full+0x0,IND,0,,,,
174,44,36652,74.03846153846153,__vsnprintf_chk+0x59,RET,0,,,,
175,44,36696,74.1273432449903,jaegertracing::thrift::Span::__set_traceIdLow(long)+0x0,IND,0,,,,
176,44,36740,74.21622495151907,bcon_append_ctx_va+0x748,COND,0,,,,
177,44,36784,74.30510665804783,std::locale::locale()+0x0,IND,0,,,,
178,44,36828,74.3939883645766,_mongoc_client_session_in_txn_or_ending+0x0,IND,0,,,,
179,44,36872,74.48287007110537,bson_get_monotonic_time+0x0,IND,0,,,,
180,44,36916,74.57175177763413,social_network::UserTimelineService_WriteUserTimeline_args::read(apache::thrift::protocol::TProtocol*)+0x3fe,COND,1,0x8cb5e,0x8cb40,_ZN14social_network42UserTimelineService_WriteUserTimeline_args4readEPN6apache6thrift8protocol9TProtocolE,social_network::UserTimelineService_WriteUserTimeline_args::read(apache::thrift::protocol::TProtocol*)
181,43,36959,74.65861344537815,__libc_calloc+0x0,IND_CALL,0,,,,
182,43,37002,74.74547511312217,_dl_allocate_tls_init+0x98,COND,0,,,,
183,43,37045,74.83233678086619,mongoc_stream_read+0x0,IND,0,,,,
184,43,37088,74.91919844861022,bson_iter_init+0x2c,RET,0,,,,
185,43,37131,75.00606011635423,std::_Sp_counted_base<(__gnu_cxx::_Lock_policy)2>::_M_release()+0x46,RET,1,0x139216,0x139200,_ZNSt16_Sp_counted_baseILN9__gnu_cxx12_Lock_policyE2EE10_M_releaseEv,std::_Sp_counted_base<(__gnu_cxx::_Lock_policy)2>::_M_release()
186,42,37173,75.09090174531352,bson_append_utf8+0x0,IND,0,,,,
187,42,37215,75.17574337427278,mongoc_client_session_destroy+0x0,IND,0,,,,
188,42,37257,75.26058500323207,bcon_append_ctx_va+0xddf,IND,0,,,,
189,42,37299,75.34542663219133,mongoc_socket_sendv+0x0,IND,0,,,,
190,42,37341,75.43026826115062,pthread_create@@GLIBC_2.2.5+0x310,COND,0,,,,
191,42,37383,75.51510989010988,jaegertracing::thrift::Span::~Span()+0x1c1,COND,0,,,,
192,42,37425,75.59995151906917,sdscatfmt+0x34d,IND,1,0x11dc5d,0x11dc40,sdscatfmt,sdscatfmt
193,42,37467,75.68479314802845,pthread_mutex_trylock+0x100,COND,0,,,,
194,41,37508,75.76761473820298,bson_iter_next+0x0,IND,0,,,,
195,41,37549,75.8504363283775,pthread_cond_timedwait@@GLIBC_2.3.2+0x0,IND,0,,,,
196,41,37590,75.93325791855203,mongoc_server_stream_cleanup+0x0,IND,0,,,,
197,40,37630,76.01405946994183,bcon_append_ctx_va+0x0,IND,0,,,,
198,40,37670,76.09486102133161,std::__future_base::_Result_base::~_Result_base()+0x0,IND,0,,,,
199,40,37710,76.1756625727214,__pthread_once_slow+0x30,COND,0,,,,
200,40,37750,76.25646412411119,free@plt+0x0,IND,0,,,,
201,40,37790,76.33726567550097,__once_proxy+0x14,RET,0,,,,
202,40,37830,76.41806722689076,bson_concat+0x0,IND,0,,,,
203,40,37870,76.49886877828054,mongoc_cluster_check_interval+0x0,IND,0,,,,
204,40,37910,76.57967032967034,_mongoc_topology_start_background_scanner+0x0,IND,0,,,,
205,40,37950,76.66047188106012,mongoc_find_and_modify_opts_destroy+0x0,IND,0,,,,
206,39,37989,76.73925339366515,pthread_create@@GLIBC_2.2.5+0x35e,RET,0,,,,
207,39,38028,76.8180349062702,__once_proxy+0x0,IND,0,,,,
208,39,38067,76.89681641887525,_mongoc_collection_new+0x0,IND,0,,,,
209,39,38106,76.97559793148028,pthread_join+0x0,IND,0,,,,
210,39,38145,77.05437944408533,vfprintf+0x9d8,IND,0,,,,
211,38,38183,77.13114091790563,redisReaderGetReply+0x609,COND,1,0x1228f9,0x1228c0,redisReaderGetReply,redisReaderGetReply
212,38,38221,77.20790239172592,_mongoc_cluster_stream_for_server+0x640,COND,0,,,,
213,38,38259,77.28466386554622,mongoc_collection_find_and_modify+0x0,IND,0,,,,
214,38,38297,77.36142533936652,isupper+0x0,IND,0,,,,
215,38,38335,77.43818681318682,strlen+0x3a,COND,0,,,,
216,38,38373,77.51494828700712,_bson_grow+0xb0,COND,0,,,,
217,38,38411,77.59170976082741,string2ll+0x0,CALL,1,0x121780,0x121780,string2ll,string2ll
218,37,38448,77.66645119586296,sw::redis::SafeConnection::~SafeConnection()+0x0,CALL,1,0x82000,0x82000,_ZN2sw5redis14SafeConnectionD2Ev,sw::redis::SafeConnection::~SafeConnection()
219,37,38485,77.74119263089851,_mongoc_stream_socket_writev+0x0,IND,0,,,,
220,37,38522,77.81593406593407,mongoc_server_description_reset+0x147,RET,0,,,,
221,37,38559,77.89067550096962,bson_snprintf+0x0,IND,0,,,,
222,37,38596,77.96541693600517,std::chrono::_V2::system_clock::now()@plt+0x0,CALL,0,,,,
223,37,38633,78.04015837104072,__dynamic_cast+0xa2,RET,0,,,,
224,37,38670,78.11489980607628,apache::thrift::protocol::TCompactProtocolFactoryT<apache::thrift::transport::TTransport>::getProtocol(std::shared_ptr<apache::thrift::transport::TTransport>)+0x64,RET,0,,,,
225,37,38707,78.18964124111183,std::exception::~exception()+0x0,IND,0,,,,
226,37,38744,78.26438267614738,sdsMakeRoomFor+0x0,CALL,1,0x11c760,0x11c740,sdsMakeRoomFor,sdsMakeRoomFor
227,37,38781,78.33912411118294,mongoc_topology_scanner_get_node+0x0,IND,0,,,,
228,36,38817,78.41184550743374,sw::redis::SafeConnection::SafeConnection(sw::redis::ConnectionPool&)+0x25,RET,1,0x81fe5,0x81fc0,_ZN2sw5redis14SafeConnectionC2ERNS0_14ConnectionPoolE,sw::redis::SafeConnection::SafeConnection(sw::redis::ConnectionPool&)
229,36,38853,78.48456690368455,mongoc_collection_find_and_modify+0xb9,RET,0,,,,
230,36,38889,78.55728829993537,mongoc_set_add+0x0,IND,0,,,,
231,36,38925,78.63000969618616,mongoc_cluster_run_opmsg+0x4b7,RET,0,,,,
232,36,38961,78.70273109243698,jaegertracing::thrift::Span::__set_flags(int)+0x0,IND,0,,,,
233,36,38997,78.77545248868778,std::chrono::_V2::system_clock::now()+0x0,IND,0,,,,
234,35,39032,78.84615384615384,mongoc_socket_sendv+0x6f,RET,0,,,,
235,35,39067,78.9168552036199,_mongoc_client_session_txn_in_progress+0x0,IND,0,,,,
236,35,39102,78.98755656108597,__libc_calloc+0x40,COND,0,,,,
237,35,39137,79.05825791855203,mongoc_cmd_parts_assemble+0xc48,COND,0,,,,
238,35,39172,79.1289592760181,jaegertracing::thrift::Span::__set_traceIdHigh(long)+0x0,IND,0,,,,
239,35,39207,79.19966063348416,sdscatfmt+0xce,UNCOND,1,0x11d9de,0x11d9c0,sdscatfmt,sdscatfmt
240,35,39242,79.27036199095022,bson_malloc0+0x0,IND,0,,,,
241,35,39277,79.34106334841628,rand_r+0x0,IND,0,,,,
242,35,39312,79.41176470588235,bson_iter_key+0x0,IND,0,,,,
243,35,39347,79.48246606334841,social_network::UserTimelineService_WriteUserTimeline_args::read(apache::thrift::protocol::TProtocol*)+0x187,COND,1,0x8c8e7,0x8c8c0,_ZN14social_network42UserTimelineService_WriteUserTimeline_args4readEPN6apache6thrift8protocol9TProtocolE,social_network::UserTimelineService_WriteUserTimeline_args::read(apache::thrift::protocol::TProtocol*)
244,35,39382,79.55316742081448,mongoc_topology_description_select+0x93,RET,0,,,,
245,35,39417,79.62386877828054,mongoc_find_and_modify_opts_set_fields+0x0,IND,0,,,,
246,35,39452,79.6945701357466,mongoc_socket_recv+0x0,IND,0,,,,
247,35,39487,79.76527149321267,sw::redis::ConnectionPool::_fetch()+0x59b,RET,1,0x1324db,0x1324c0,_ZN2sw5redis14ConnectionPool6_fetchEv,sw::redis::ConnectionPool::_fetch()
248,34,39521,79.833952811894,jaegertracing::TraceID::fromStream(std::istream&)+0x178,COND,0,,,,
249,34,39555,79.90263413057531,__libc_recv+0x93,RET,0,,,,
250,34,39589,79.97131544925662,jaegertracing::thrift::SpanRef::__set_refType(jaegertracing::thrift::SpanRefType::type)+0x0,IND,0,,,,
251,34,39623,80.03999676793795,jaegertracing::thrift::Span::__set_startTime(long)+0x0,IND,0,,,,
252,34,39657,80.10867808661926,mongoc_cmd_parts_assemble+0xedd,COND,0,,,,
253,34,39691,80.17735940530058,bson_strdup_printf+0x0,IND,0,,,,
254,33,39724,80.24402068519716,__pthread_once_slow+0x24,COND,0,,,,
255,33,39757,80.31068196509374,_IO_default_xsputn+0x46,COND,0,,,,
256,33,39790,80.3773432449903,bson_iter_init+0x0,IND,0,,,,
257,33,39823,80.44400452488688,mongoc_stream_buffered_readv+0x0,IND,0,,,,
258,33,39856,80.51066580478346,_bson_append+0x0,UNCOND,0,,,,
259,33,39889,80.57732708468002,mongoc_read_prefs_new+0x0,IND,0,,,,
260,33,39922,80.6439883645766,jaegertracing::reporters::RemoteReporter::sweepQueue()+0x14b8,COND,0,,,,
261,33,39955,80.71064964447318,sw::redis::ConnectionPool::fetch()+0x1914,RET,1,0x1349e4,0x1349c0,_ZN2sw5redis14ConnectionPool5fetchEv,sw::redis::ConnectionPool::fetch()
262,33,39988,80.77731092436974,_mongoc_document_is_pipeline+0x0,IND,0,,,,
263,33,40021,80.84397220426632,social_network::UserTimelineService_WriteUserTimeline_args::read(apache::thrift::protocol::TProtocol*)+0x1a1,RET,1,0x8c901,0x8c900,_ZN14social_network42UserTimelineService_WriteUserTimeline_args4readEPN6apache6thrift8protocol9TProtocolE,social_network::UserTimelineService_WriteUserTimeline_args::read(apache::thrift::protocol::TProtocol*)
264,33,40054,80.9106334841629,std::__future_base::_Result_base::_Result_base()+0x0,IND,0,,,,
265,33,40087,80.97729476405947,mongoc_server_description_destroy+0x0,IND,0,,,,
266,32,40119,81.0419360051713,createArrayObject+0x0,IND_CALL,1,0x119990,0x119980,createArrayObject,createArrayObject
267,32,40151,81.10657724628312,bson_has_field+0x0,IND,0,,,,
268,32,40183,81.17121848739495,mongoc_server_description_handle_ismaster+0x745,RET,0,,,,
269,31,40214,81.23383968972205,_mongoc_client_session_handle_reply+0x0,IND,0,,,,
270,31,40245,81.29646089204913,mongoc_cluster_run_command_monitored+0x385,COND,0,,,,
271,31,40276,81.3590820943762,bson_realloc+0x0,IND,0,,,,
272,31,40307,81.4217032967033,_mongoc_server_session_timed_out+0x0,IND,0,,,,
273,31,40338,81.48432449903038,mongoc_collection_find_and_modify_with_opts+0x37d,COND,0,,,,
274,31,40369,81.54694570135747,__redisAppendCommand+0x0,CALL,1,0x11bfb0,0x11bf80,__redisAppendCommand,__redisAppendCommand
275,30,40399,81.6075468648998,mongoc_stream_readv+0x0,IND,0,,,,
276,30,40429,81.66814802844215,redisvFormatCommand+0x0,CALL,1,0x119be0,0x119bc0,redisvFormatCommand,redisvFormatCommand
277,30,40459,81.72874919198449,bson_malloc+0x0,IND,0,,,,
278,30,40489,81.78935035552682,vfprintf+0x2089,COND,0,,,,
279,30,40519,81.84995151906917,_IO_setb+0x0,CALL,0,,,,
280,30,40549,81.91055268261151,std::ios_base::_M_call_callbacks(std::ios_base::event)+0x0,IND,0,,,,
281,30,40579,81.97115384615384,__errno_location+0x0,IND,0,,,,
282,30,40609,82.03175500969618,sw::redis::ConnectionPool::fetch()+0x2260,COND,1,0x135330,0x135300,_ZN2sw5redis14ConnectionPool5fetchEv,sw::redis::ConnectionPool::fetch()
283,30,40639,82.09235617323853,_mongoc_topology_push_server_session+0x0,IND,0,,,,
284,30,40669,82.15295733678087,processLineItem+0x0,CALL,1,0x121ad0,0x121ac0,processLineItem,processLineItem
285,30,40699,82.2135585003232,_mongoc_topology_push_server_session+0x5d,COND,0,,,,
286,29,40728,82.2721396250808,_mongoc_client_session_in_txn+0x18,COND,0,,,,
287,29,40757,82.33072074983839,redisvFormatCommand+0x3d,RET,1,0x119c1d,0x119c00,redisvFormatCommand,redisvFormatCommand
288,29,40786,82.38930187459599,bson_append_document+0x0,IND,0,,,,
289,29,40815,82.44788299935358,mongoc_server_description_handle_ismaster+0x7c6,RET,0,,,,
290,29,40844,82.50646412411119,sdsMakeRoomFor+0x180,COND,1,0x11c8e0,0x11c8c0,sdsMakeRoomFor,sdsMakeRoomFor
291,29,40873,82.56504524886878,jaegertracing::thrift::Span::__set_spanId(long)+0x0,IND,0,,,,
292,29,40902,82.62362637362638,_mongoc_cluster_stream_for_server+0x131,RET,0,,,,
293,29,40931,82.68220749838397,mongoc_topology_description_server_by_id+0x0,IND,0,,,,
294,29,40960,82.74078862314157,bson_free+0x0,IND,0,,,,
295,29,40989,82.79936974789916,_mongoc_stream_socket_readv+0x0,IND,0,,,,
296,29,41018,82.85795087265676,mongoc_read_concern_copy+0x13,RET,0,,,,
297,29,41047,82.91653199741435,redisFormatSdsCommandArgv+0x15c,UNCOND,1,0x11aa1c,0x11aa00,redisFormatSdsCommandArgv,redisFormatSdsCommandArgv
298,29,41076,82.97511312217195,jaegertracing::SpanContext::~SpanContext()+0x0,CALL,1,0x69430,0x69400,_ZN13jaegertracing11SpanContextD2Ev,jaegertracing::SpanContext::~SpanContext()
299,29,41105,83.03369424692954,mongoc_server_description_cleanup+0x0,IND,0,,,,
300,28,41133,83.09025533290239,std::chrono::_V2::steady_clock::now()+0x0,IND,0,,,,
301,28,41161,83.14681641887525,mongoc_cmd_parts_assemble+0x540,COND,0,,,,
302,28,41189,83.20337750484809,sdscatfmt+0x0,CALL,1,0x11d910,0x11d900,sdscatfmt,sdscatfmt
303,27,41216,83.2579185520362,std::ios_base::_M_dispose_callbacks()+0x0,IND,0,,,,
304,27,41243,83.31245959922431,bson_append_int64+0x4e,COND,0,,,,
305,27,41270,83.36700064641241,sdscatvprintf+0x0,CALL,1,0x11d6d0,0x11d6c0,sdscatvprintf,sdscatvprintf
306,27,41297,83.42154169360052,bcon_append_ctx_init+0x0,IND,0,,,,
307,27,41324,83.47608274078863,mongoc_client_pool_push+0x0,IND,0,,,,
308,27,41351,83.53062378797672,mongoc_cmd_parts_assemble+0x301,COND,0,,,,
309,27,41378,83.58516483516483,__lll_unlock_wake+0x0,CALL,0,,,,
310,27,41405,83.63970588235294,_bson_append.constprop.23+0xf3,RET,0,,,,
311,27,41432,83.69424692954105,bson_append_int32+0x0,IND,0,,,,
312,27,41459,83.74878797672915,mongoc_topology_compatible+0xb0,COND,0,,,,
313,27,41486,83.80332902391726,bson_destroy+0x30,COND,0,,,,
314,26,41512,83.85585003232062,mongoc_client_pool_pop+0x0,IND,0,,,,
315,26,41538,83.90837104072398,jaegertracing::TraceID::fromStream(std::istream&)+0x258,COND,0,,,,
316,26,41564,83.96089204912734,apache::thrift::transport::TFramedTransport::readFrame()+0x4b,RET,0,,,,
317,26,41590,84.0134130575307,pthread_mutex_lock@plt+0x0,CALL,0,,,,
318,26,41616,84.06593406593407,jaegertracing::SpanContext::~SpanContext()+0x1d,COND,1,0x6944d,0x69440,_ZN13jaegertracing11SpanContextD2Ev,jaegertracing::SpanContext::~SpanContext()
319,26,41642,84.11845507433743,_bson_append.constprop.23+0x7d,RET,0,,,,
320,25,41667,84.16895604395604,sw::redis::ConnectionPool::fetch()+0x1be1,UNCOND,1,0x134cb1,0x134c80,_ZN2sw5redis14ConnectionPool5fetchEv,sw::redis::ConnectionPool::fetch()
321,25,41692,84.21945701357465,create_thread+0x6a,RET,0,,,,
322,25,41717,84.26995798319328,redisReaderGetReply+0x299,COND,1,0x122589,0x122580,redisReaderGetReply,redisReaderGetReply
323,25,41742,84.32045895281189,sw::redis::Connection::recv()+0x3e,RET,1,0x12b61e,0x12b600,_ZN2sw5redis10Connection4recvEv,sw::redis::Connection::recv()
324,25,41767,84.37095992243052,social_network::UserTimelineService_ReadUserTimeline_args::read(apache::thrift::protocol::TProtocol*)+0x3a0,UNCOND,1,0x8db00,0x8db00,_ZN14social_network41UserTimelineService_ReadUserTimeline_args4readEPN6apache6thrift8protocol9TProtocolE,social_network::UserTimelineService_ReadUserTimeline_args::read(apache::thrift::protocol::TProtocol*)
325,25,41792,84.42146089204913,redisvAppendCommand+0x0,CALL,1,0x11c010,0x11c000,redisvAppendCommand,redisvAppendCommand
326,25,41817,84.47196186166775,_mongoc_client_pop_server_session+0x0,IND,0,,,,
327,25,41842,84.52246283128636,jaegertracing::thrift::SpanRef::__set_traceIdHigh(long)+0x0,IND,0,,,,
328,25,41867,84.57296380090497,_mongoc_get_command_name+0x0,IND,0,,,,
329,25,41892,84.6234647705236,bson_iter_find_w_len+0x0,IND,0,,,,
330,25,41917,84.67396574014221,mongoc_collection_destroy+0x0,IND,0,,,,
331,25,41942,84.72446670976083,mongoc_write_concern_copy+0x3e,RET,0,,,,
332,25,41967,84.77496767937944,pthread_create@@GLIBC_2.2.5+0x2a8,COND,0,,,,
333,24,41991,84.82344861021332,redisBufferRead+0x0,CALL,1,0x11bb40,0x11bb40,redisBufferRead,redisBufferRead
334,24,42015,84.8719295410472,bcon_append_ctx_va+0xac0,IND,0,,,,
335,24,42039,84.92041047188106,mongoc_server_description_handle_ismaster+0x355,RET,0,,,,
336,24,42063,84.96889140271493,_is_retryable_read+0x0,IND,0,,,,
337,24,42087,85.0173723335488,_mongoc_write_concern_get_bson+0x0,IND,0,,,,
338,24,42111,85.06585326438268,redisFormatSdsCommandArgv+0x3c8,COND,0,,,,
339,24,42135,85.11433419521654,bson_append_array_begin+0x0,IND,0,,,,
340,24,42159,85.16281512605042,_mongoc_cmd_check_ok_no_wce+0x0,IND,0,,,,
341,24,42183,85.2112960568843,bson_get_data+0x20,COND,0,,,,
342,24,42207,85.25977698771817,sw::redis::ConnectionPool::release(sw::redis::Connection)+0x0,CALL,1,0x130170,0x130140,_ZN2sw5redis14ConnectionPool7releaseENS0_10ConnectionE,sw::redis::ConnectionPool::release(sw::redis::Connection)
343,24,42231,85.30825791855203,pthread_cond_timedwait@@GLIBC_2.3.2+0x134,RET,0,,,,
344,23,42254,85.35471881060117,mongoc_cmd_parts_assemble+0x220,COND,0,,,,
345,23,42277,85.4011797026503,sdscatlen+0x61,RET,1,0x11d251,0x11d240,sdscatlen,sdscatlen
346,23,42300,85.44764059469942,redisNetRead+0x0,IND_CALL,1,0x1231f0,0x1231c0,redisNetRead,redisNetRead
347,23,42323,85.49410148674855,social_network::UserTimelineService_WriteUserTimeline_args::read(apache::thrift::protocol::TProtocol*)+0x3a0,UNCOND,1,0x8cb00,0x8cb00,_ZN14social_network42UserTimelineService_WriteUserTimeline_args4readEPN6apache6thrift8protocol9TProtocolE,social_network::UserTimelineService_WriteUserTimeline_args::read(apache::thrift::protocol::TProtocol*)
348,23,42346,85.54056237879767,jaegertracing::SpanContext::swap(jaegertracing::SpanContext&)+0x128,COND,1,0x6a728,0x6a700,_ZN13jaegertracing11SpanContext4swapERS0_,jaegertracing::SpanContext::swap(jaegertracing::SpanContext&)
349,23,42369,85.5870232708468,_mongoc_topology_update_last_used+0x0,IND,0,,,,
350,23,42392,85.63348416289593,mongoc_cmd_is_compressible+0x0,IND,0,,,,
351,23,42415,85.67994505494505,_bson_append.constprop.23+0x0,CALL,0,,,,
352,23,42438,85.72640594699418,_mongoc_buffer_append_from_stream+0x81,RET,0,,,,
353,23,42461,85.7728668390433,malloc+0x101,UNCOND,0,,,,
354,23,42484,85.81932773109244,__GI___libc_sendmsg+0x0,IND,0,,,,
355,23,42507,85.86578862314157,vfprintf+0xff3,COND,0,,,,
356,22,42529,85.91022947640595,_mongoc_queue_push_head+0x0,IND,0,,,,
357,22,42551,85.95467032967034,redisAppendCommand+0x0,CALL,1,0x11c0d0,0x11c0c0,redisAppendCommand,redisAppendCommand
358,22,42573,85.99911118293471,jaegertracing::SpanContext::fromStream(std::istream&)+0x92d,UNCOND,0,,,,
359,22,42595,86.04355203619909,vfprintf+0x77b,RET,0,,,,
360,22,42617,86.08799288946348,std::locale::~locale()+0x38,COND,0,,,,
361,22,42639,86.13243374272786,social_network::UserTimelineService_ReadUserTimeline_args::read(apache::thrift::protocol::TProtocol*)+0x0,CALL,1,0x8d760,0x8d740,_ZN14social_network41UserTimelineService_ReadUserTimeline_args4readEPN6apache6thrift8protocol9TProtocolE,social_network::UserTimelineService_ReadUserTimeline_args::read(apache::thrift::protocol::TProtocol*)
362,22,42661,86.17687459599225,_dl_allocate_tls_init+0xa9,UNCOND,0,,,,
363,22,42683,86.22131544925662,mongoc_server_description_handle_ismaster+0x0,IND,0,,,,
364,22,42705,86.26575630252101,mongoc_server_description_new_copy+0xe0,UNCOND,0,,,,
365,22,42727,86.31019715578539,jaegertracing::TraceID::fromStream(std::istream&)+0x0,IND,0,,,,
366,22,42749,86.35463800904978,social_network::UserTimelineService_ReadUserTimeline_args::read(apache::thrift::protocol::TProtocol*)+0x1a1,RET,1,0x8d901,0x8d900,_ZN14social_network41UserTimelineService_ReadUserTimeline_args4readEPN6apache6thrift8protocol9TProtocolE,social_network::UserTimelineService_ReadUserTimeline_args::read(apache::thrift::protocol::TProtocol*)
367,22,42771,86.39907886231416,bson_append_document_begin+0x188,COND,0,,,,
368,22,42793,86.44351971557855,vfprintf+0x3c,COND,0,,,,
369,22,42815,86.48796056884292,_bson_grow+0xa8,COND,0,,,,
370,22,42837,86.5324014221073,__vdso_clock_gettime+0x0,IND_CALL,0,,,,
371,22,42859,86.57684227537169,bson_strdupv_printf+0x0,IND,0,,,,
372,22,42881,86.62128312863607,std::chrono::_V2::system_clock::now()+0x1e,RET,0,,,,
373,22,42903,86.66572398190046,mongoc_server_description_handle_ismaster+0xabf,RET,0,,,,
374,21,42924,86.7081447963801,mongoc_socket_recv+0x51,COND,0,,,,
375,21,42945,86.75056561085972,sw::redis::SafeConnection::~SafeConnection()+0x560,COND,0,,,,
376,21,42966,86.79298642533936,mongoc_topology_select_server_id+0x261,RET,0,,,,
377,21,42987,86.835407239819,pthread_create@@GLIBC_2.2.5+0x846,RET,0,,,,
378,21,43008,86.87782805429865,vfprintf+0x16dd,COND,0,,,,
379,21,43029,86.92024886877829,mongoc_server_description_compressor_id+0x0,IND,0,,,,
380,21,43050,86.96266968325791,pthread_create@@GLIBC_2.2.5+0x190,UNCOND,0,,,,
381,21,43071,87.00509049773756,_mongoc_buffer_fill+0x0,IND,0,,,,
382,21,43092,87.0475113122172,_mongoc_buffer_init+0xa8,COND,0,,,,
383,21,43113,87.08993212669684,jaegertracing::TraceID::fromStream(std::istream&)+0x110,COND,0,,,,
384,21,43134,87.13235294117646,mongoc_cluster_run_opmsg+0x48f,RET,0,,,,
385,21,43155,87.1747737556561,mongoc_read_concern_new+0x0,IND,0,,,,
386,21,43176,87.21719457013575,mongoc_cmd_parts_assemble+0xa60,COND,0,,,,
387,21,43197,87.25961538461539,bson_uint32_to_string+0x0,IND,0,,,,
388,21,43218,87.30203619909503,bson_copy+0x0,IND,0,,,,
389,20,43238,87.34243697478992,social_network::UserTimelineService_WriteUserTimeline_args::read(apache::thrift::protocol::TProtocol*)+0x114,IND,1,0x8c874,0x8c840,_ZN14social_network42UserTimelineService_WriteUserTimeline_args4readEPN6apache6thrift8protocol9TProtocolE,social_network::UserTimelineService_WriteUserTimeline_args::read(apache::thrift::protocol::TProtocol*)
390,20,43258,87.38283775048481,redisReaderFeed+0x0,CALL,1,0x1220b0,0x122080,redisReaderFeed,redisReaderFeed
391,20,43278,87.4232385261797,__libc_recv+0x0,IND,0,,,,
392,20,43298,87.4636393018746,_mongoc_buffer_init+0x0,IND,0,,,,
393,20,43318,87.50404007756948,mongoc_cluster_run_command_monitored+0x73,RET,0,,,,
394,20,43338,87.54444085326438,jaegertracing::SpanContext::fromStream(std::istream&)+0x540,COND,0,,,,
395,20,43358,87.58484162895928,apache::thrift::transport::TFramedTransport::readFrame()+0x0,IND_CALL,0,,,,
396,20,43378,87.62524240465417,bson_strdup+0x40,COND,0,,,,
397,20,43398,87.66564318034906,mongoc_topology_description_update_cluster_time+0x0,IND,0,,,,
398,20,43418,87.70604395604396,vfprintf+0xf85,UNCOND,0,,,,
399,20,43438,87.74644473173885,vfprintf+0x1075,COND,0,,,,
400,19,43457,87.784825468649,mongoc_cluster_run_opmsg+0x179,COND,0,,,,
401,19,43476,87.82320620555915,redisNetWrite+0x0,IND_CALL,1,0x1232c0,0x1232c0,redisNetWrite,redisNetWrite
402,19,43495,87.8615869424693,_mongoc_topology_update_cluster_time+0x0,IND,0,,,,
403,19,43514,87.89996767937944,mongoc_read_concern_copy+0x0,IND,0,,,,
404,19,43533,87.9383484162896,mongoc_topology_compatible+0x0,IND,0,,,,
405,19,43552,87.97672915319974,mongoc_write_concern_get_journal+0x0,IND,0,,,,
406,19,43571,88.01510989010988,bson_bcone_magic+0x0,IND,0,,,,
407,19,43590,88.05349062702004,bson_append_document_end+0x0,IND,0,,,,
408,19,43609,88.09187136393018,std::istream::putback(char)+0x35,RET,0,,,,
409,19,43628,88.13025210084034,jaegertracing::SpanContext::fromStream(std::istream&)+0xac0,COND,0,,,,
410,19,43647,88.16863283775048,sdscatlen+0xa0,IND,1,0x11d290,0x11d280,sdscatlen,sdscatlen
411,19,43666,88.20701357466064,_mongoc_stream_socket_readv+0x74,RET,0,,,,
412,19,43685,88.24539431157078,mongoc_server_description_handle_ismaster+0x6e5,RET,0,,,,
413,18,43703,88.28175500969618,redisFormatSdsCommandArgv+0x0,CALL,1,0x11a8c0,0x11a8c0,redisFormatSdsCommandArgv,redisFormatSdsCommandArgv
414,18,43721,88.31811570782159,mongoc_transaction_opts_set_write_concern+0x1a,RET,0,,,,
415,18,43739,88.354476405947,malloc+0x49,UNCOND,0,,,,
416,18,43757,88.3908371040724,jaegertracing::Span::~Span()+0x1e,RET,0,,,,
417,18,43775,88.4271978021978,apache::thrift::protocol::TProtocolFactory::~TProtocolFactory()+0x0,IND,0,,,,
418,18,43793,88.4635585003232,mongoc_client_session_in_transaction@plt+0x0,CALL,0,,,,
419,18,43811,88.49991919844861,std::__exception_ptr::exception_ptr::exception_ptr()+0x0,IND,0,,,,
420,18,43829,88.53627989657402,create_thread+0x160,COND,0,,,,
421,18,43847,88.57264059469942,bson_concat+0x28,RET,0,,,,
422,18,43865,88.60900129282483,sw::redis::ConnectionPool::fetch()+0x1935,COND,1,0x134a05,0x134a00,_ZN2sw5redis14ConnectionPool5fetchEv,sw::redis::ConnectionPool::fetch()
423,18,43883,88.64536199095022,mongoc_cmd_parts_set_write_concern+0x0,IND,0,,,,
424,18,43901,88.68172268907563,mongoc_cluster_run_command_monitored+0x6c3,COND,0,,,,
425,18,43919,88.71808338720103,redisReaderGetReply+0xaf2,IND,1,0x122de2,0x122dc0,redisReaderGetReply,redisReaderGetReply
426,18,43937,88.75444408532644,mongoc_topology_select_server_id+0xd8,RET,0,,,,
427,18,43955,88.79080478345185,pthread_create@@GLIBC_2.2.5+0xcb,COND,0,,,,
428,18,43973,88.82716548157724,mongoc_server_description_handle_ismaster+0x30d,RET,0,,,,
429,18,43991,88.86352617970265,_mongoc_buffer_append_from_stream+0xd0,COND,0,,,,
430,18,44009,88.89988687782805,vfprintf+0x136a,COND,0,,,,
431,18,44027,88.93624757595346,social_network::ThriftClient<social_network::PostStorageServiceClient>::Connect()+0x22,RET,1,0x86132,0x86100,_ZN14social_network12ThriftClientINS_24PostStorageServiceClientEE7ConnectEv,social_network::ThriftClient<social_network::PostStorageServiceClient>::Connect()
432,17,44044,88.97058823529412,redisBufferRead+0x39,RET,1,0x11bb79,0x11bb40,redisBufferRead,redisBufferRead
433,17,44061,89.00492889463477,mongoc_set_rm+0x0,IND,0,,,,
434,17,44078,89.03926955397543,mongoc_server_stream_new+0x0,IND,0,,,,
435,17,44095,89.0736102133161,bcon_append_ctx_va+0xf8,UNCOND,0,,,,
436,17,44112,89.10795087265676,bson_strdup+0x0,IND,0,,,,
437,17,44129,89.14229153199742,_mongoc_client_session_in_txn+0x0,IND,0,,,,
438,17,44146,89.17663219133807,poll+0x22,RET,0,,,,
439,17,44163,89.21097285067873,mongoc_collection_find_and_modify_with_opts+0x318,COND,0,,,,
440,17,44180,89.24531351001939,mongoc_error_has_label+0x5c,RET,0,,,,
441,17,44197,89.27965416936006,_mongoc_topology_update_cluster_time+0x24,RET,0,,,,
442,17,44214,89.31399482870071,std::thread::join()+0x0,IND,0,,,,
443,17,44231,89.34833548804137,bson_iter_next+0x233,COND,0,,,,
444,17,44248,89.38267614738203,mongoc_cluster_stream_for_writes+0x3f,COND,0,,,,
445,17,44265,89.41701680672269,redisvFormatCommand+0xaa8,COND,1,0x11a688,0x11a680,redisvFormatCommand,redisvFormatCommand
446,17,44282,89.45135746606334,apache::thrift::transport::TFramedTransport::isOpen()+0x0,IND_CALL,0,,,,
447,17,44299,89.48569812540401,__ctype_b_loc+0x0,IND,0,,,,
448,17,44316,89.52003878474467,social_network::PostStorageService_ReadPosts_presult::read(apache::thrift::protocol::TProtocol*)+0x108,COND,1,0xa0358,0xa0340,_ZN14social_network36PostStorageService_ReadPosts_presult4readEPN6apache6thrift8protocol9TProtocolE,social_network::PostStorageService_ReadPosts_presult::read(apache::thrift::protocol::TProtocol*)
449,16,44332,89.55235940530058,jaegertracing::reporters::RemoteReporter::sweepQueue()+0x163,RET,0,,,,
450,16,44348,89.5846800258565,redisReaderGetReply+0xad8,UNCOND,1,0x122dc8,0x122dc0,redisReaderGetReply,redisReaderGetReply
451,16,44364,89.61700064641241,apache::thrift::protocol::TCompactProtocolFactoryT<apache::thrift::transport::TTransport>::getProtocol(std::shared_ptr<apache::thrift::transport::TTransport>)+0x9f,RET,0,,,,
452,16,44380,89.64932126696833,__printf_fp+0x0,CALL,0,,,,
453,16,44396,89.68164188752424,apache::thrift::protocol::TCompactProtocolFactoryT<apache::thrift::transport::TTransport>::getProtocol(std::shared_ptr<apache::thrift::transport::TTransport>)+0x0,IND,0,,,,
454,16,44412,89.71396250808016,vfprintf+0x409,COND,0,,,,
455,16,44428,89.74628312863607,processLineItem+0x12b,COND,1,0x121bfb,0x121bc0,processLineItem,processLineItem
456,16,44444,89.77860374919199,mongoc_error_has_label+0x0,IND,0,,,,
457,16,44460,89.8109243697479,__sprintf_chk+0x0,IND,0,,,,
458,16,44476,89.84324499030382,mongoc_cluster_run_opmsg+0x47d,RET,0,,,,
459,16,44492,89.87556561085972,bcon_append_ctx_init@plt+0x0,CALL,0,,,,
460,16,44508,89.90788623141565,mongoc_socket_recv+0x1f0,COND,0,,,,
461,16,44524,89.94020685197155,mongoc_set_rm+0x60,COND,0,,,,
462,16,44540,89.97252747252747,mongoc_server_description_update_rtt+0x0,IND,0,,,,
463,16,44556,90.00484809308338,sdscatfmt+0x82,UNCOND,1,0x11d992,0x11d980,sdscatfmt,sdscatfmt
464,16,44572,90.0371687136393,_bson_grow+0x0,CALL,0,,,,
465,16,44588,90.06948933419521,social_network::UserTimelineService_ReadUserTimeline_args::read(apache::thrift::protocol::TProtocol*)+0x187,COND,1,0x8d8e7,0x8d8c0,_ZN14social_network41UserTimelineService_ReadUserTimeline_args4readEPN6apache6thrift8protocol9TProtocolE,social_network::UserTimelineService_ReadUserTimeline_args::read(apache::thrift::protocol::TProtocol*)
466,16,44604,90.10180995475113,__libc_send+0x64,RET,0,,,,
467,16,44620,90.13413057530704,realloc+0x1cb,UNCOND,0,,,,
468,16,44636,90.16645119586296,mongoc_write_concern_is_acknowledged+0x0,IND,0,,,,
469,15,44651,90.19675177763413,std::istream::putback(char)+0x47,RET,0,,,,
470,15,44666,90.2270523594053,vfprintf+0x12a2,COND,0,,,,
471,15,44681,90.25735294117646,redisAppendCommandArgv+0x22,RET,1,0x11c1b2,0x11c180,redisAppendCommandArgv,redisAppendCommandArgv
472,15,44696,90.28765352294764,mongoc_cmd_parts_cleanup+0x0,IND,0,,,,
473,15,44711,90.31795410471881,mongoc_set_get+0x48,COND,0,,,,
474,15,44726,90.34825468648998,jaegertracing::thrift::SpanRef::__set_traceIdLow(long)+0x0,IND,0,,,,
475,15,44741,90.37855526826115,_bson_append.constprop.25+0x9e,COND,0,,,,
476,15,44756,90.40885585003232,jaegertracing::SpanContext::fromStream(std::istream&)+0x86c,RET,0,,,,
477,15,44771,90.4391564318035,pthread_mutex_unlock@plt+0x0,CALL,0,,,,
478,15,44786,90.46945701357465,jaegertracing::TraceID::fromStream(std::istream&)+0x3e8,COND,0,,,,
479,15,44801,90.49975759534583,sw::redis::ConnectionPool::fetch()+0xe19,UNCOND,1,0x133ee9,0x133ec0,_ZN2sw5redis14ConnectionPool5fetchEv,sw::redis::ConnectionPool::fetch()
480,15,44816,90.530058177117,redisAppendCommand+0x56,COND,1,0x11c126,0x11c100,redisAppendCommand,redisAppendCommand
481,15,44831,90.56035875888817,mongoc_server_description_handle_ismaster+0x56f,RET,0,,,,
482,15,44846,90.59065934065934,vfprintf+0x98,RET,0,,,,
483,15,44861,90.62095992243052,bson_init@plt+0x0,CALL,0,,,,
484,15,44876,90.65126050420169,__libc_send+0x0,IND,0,,,,
485,15,44891,90.68156108597285,social_network::ServiceException::~ServiceException()+0x0,CALL,1,0x95350,0x95340,_ZN14social_network16ServiceExceptionD2Ev,social_network::ServiceException::~ServiceException()
486,15,44906,90.71186166774402,redisFormatSdsCommandArgv+0xd0,COND,1,0x11a990,0x11a980,redisFormatSdsCommandArgv,redisFormatSdsCommandArgv
487,15,44921,90.74216224951519,social_network::PostStorageService_ReadPosts_presult::read(apache::thrift::protocol::TProtocol*)+0x20d,COND,1,0xa045d,0xa0440,_ZN14social_network36PostStorageService_ReadPosts_presult4readEPN6apache6thrift8protocol9TProtocolE,social_network::PostStorageService_ReadPosts_presult::read(apache::thrift::protocol::TProtocol*)
488,15,44936,90.77246283128636,bson_destroy@plt+0x0,CALL,0,,,,
489,15,44951,90.80276341305753,sw::redis::SafeConnection::SafeConnection(sw::redis::ConnectionPool&)+0x0,CALL,1,0x81fc0,0x81fc0,_ZN2sw5redis14SafeConnectionC2ERNS0_14ConnectionPoolE,sw::redis::SafeConnection::SafeConnection(sw::redis::ConnectionPool&)
490,15,44966,90.8330639948287,social_network::Post::read(apache::thrift::protocol::TProtocol*)+0x715,COND,1,0x991b5,0x99180,_ZN14social_network4Post4readEPN6apache6thrift8protocol9TProtocolE,social_network::Post::read(apache::thrift::protocol::TProtocol*)
491,15,44981,90.86336457659986,pthread_create@@GLIBC_2.2.5+0x16d,COND,0,,,,
492,14,44995,90.8916451195863,mongoc_topology_description_select+0x88,COND,0,,,,
493,14,45009,90.91992566257272,mongoc_transaction_opts_set_read_prefs+0x0,IND,0,,,,
494,14,45023,90.94820620555915,sw::redis::ConnectionPool::fetch()+0x21a0,COND,1,0x135270,0x135240,_ZN2sw5redis14ConnectionPool5fetchEv,sw::redis::ConnectionPool::fetch()
495,14,45037,90.97648674854557,redisReaderGetReply+0x2f1,COND,1,0x1225e1,0x1225c0,redisReaderGetReply,redisReaderGetReply
496,14,45051,91.00476729153199,_mongoc_client_session_append_txn+0x29,RET,0,,,,
497,14,45065,91.03304783451843,redisGetReply+0xc8,RET,1,0x11bf48,0x11bf40,redisGetReply,redisGetReply
498,14,45079,91.06132837750485,_mongoc_stream_socket_writev+0x60,COND,0,,,,
499,14,45093,91.08960892049127,vfprintf+0x72c,UNCOND,0,,,,
500,14,45107,91.1178894634777,std::ios_base::~ios_base()+0x46,COND,0,,,,
501,14,45121,91.14617000646412,mongoc_stream_read+0x43,RET,0,,,,
502,14,45135,91.17445054945055,bcon_append_ctx_va+0x308,COND,0,,,,
503,14,45149,91.20273109243698,bson_realloc@plt+0x0,UNCOND,0,,,,
504,14,45163,91.2310116354234,_mongoc_stream_writev_full+0x40,COND,0,,,,
505,14,45177,91.25929217840982,realloc+0x370,COND,0,,,,
506,14,45191,91.28757272139624,sdsrange+0x0,CALL,1,0x11e3a0,0x11e380,sdsrange,sdsrange
507,14,45205,91.31585326438268,mongoc_cluster_run_command_monitored+0x11b,RET,0,,,,
508,14,45219,91.3441338073691,mongoc_collection_find_and_modify_with_opts+0x3ed,RET,0,,,,
509,14,45233,91.37241435035553,processLineItem+0xc2,COND,1,0x121b92,0x121b80,processLineItem,processLineItem
510,14,45247,91.40069489334195,mongoc_cmd_parts_assemble+0x4c8,COND,0,,,,
511,14,45261,91.42897543632837,mongoc_collection_find_and_modify_with_opts+0x595,COND,0,,,,
512,14,45275,91.45725597931481,mongoc_collection_find_and_modify+0x8d,RET,0,,,,
513,14,45289,91.48553652230123,mongoc_collection_find_and_modify_with_opts+0x275,RET,0,,,,
514,14,45303,91.51381706528765,jaegertracing::thrift::Span::~Span()+0x11f,COND,0,,,,
515,14,45317,91.54209760827408,social_network::Post::read(apache::thrift::protocol::TProtocol*)+0x6fd,COND,1,0x9919d,0x99180,_ZN14social_network4Post4readEPN6apache6thrift8protocol9TProtocolE,social_network::Post::read(apache::thrift::protocol::TProtocol*)
516,13,45330,91.56835811247576,redisReaderFeed+0x124,RET,1,0x1221d4,0x1221c0,redisReaderFeed,redisReaderFeed
517,13,45343,91.59461861667744,social_network::Post::read(apache::thrift::protocol::TProtocol*)+0x72b,COND,1,0x991cb,0x991c0,_ZN14social_network4Post4readEPN6apache6thrift8protocol9TProtocolE,social_network::Post::read(apache::thrift::protocol::TProtocol*)
518,13,45356,91.62087912087912,_mongoc_array_append_vals+0x0,IND,0,,,,
519,13,45369,91.6471396250808,__clone+0x0,IND,0,,,,
520,13,45382,91.67340012928248,bcon_append_ctx_va+0x340,COND,0,,,,
521,13,45395,91.69966063348416,freeReplyObject+0x0,CALL,1,0x1197f0,0x1197c0,freeReplyObject,freeReplyObject
522,13,45408,91.72592113768584,pthread_create@@GLIBC_2.2.5+0x7ed,COND,0,,,,
523,13,45421,91.75218164188752,mongoc_collection_find_and_modify+0x42,COND,0,,,,
524,13,45434,91.7784421460892,_bson_append.constprop.23+0x124,COND,0,,,,
525,13,45447,91.80470265029089,bson_get_data@plt+0x0,CALL,0,,,,
526,13,45460,91.83096315449257,bcon_append_ctx_va+0x20e,RET,0,,,,
527,13,45473,91.85722365869425,memset@plt+0x0,CALL,0,,,,
528,13,45486,91.88348416289593,std::__future_base::_Async_state_commonV2::_M_complete_async()+0x0,IND_CALL,1,0x83620,0x83600,_ZNSt13__future_base21_Async_state_commonV217_M_complete_asyncEv,std::__future_base::_Async_state_commonV2::_M_complete_async()
529,13,45499,91.90974466709761,bson_iter_type+0x0,IND,0,,,,
530,13,45512,91.93600517129929,_mongoc_client_session_handle_reply+0x90,COND,0,,,,
531,13,45525,91.96226567550097,mongoc_server_description_handle_ismaster+0x2c5,RET,0,,,,
532,13,45538,91.98852617970265,mongoc_stream_buffered_readv+0xfb,RET,0,,,,
533,13,45551,92.01478668390433,sw::redis::SafeConnection::~SafeConnection()+0x38e,UNCOND,0,,,,
534,13,45564,92.041047188106,redisFormatSdsCommandArgv+0x2ac,COND,1,0x11ab6c,0x11ab40,redisFormatSdsCommandArgv,redisFormatSdsCommandArgv
535,13,45577,92.0673076923077,mongoc_stream_buffered_readv+0x89,RET,0,,,,
536,13,45590,92.09356819650937,sdscatlen+0xf0,IND,1,0x11d2e0,0x11d2c0,sdscatlen,sdscatlen
537,13,45603,92.11982870071105,std::condition_variable::notify_one()+0x0,IND,0,,,,
538,12,45615,92.14406916612799,bson_iter_next+0x13a,UNCOND,0,,,,
539,12,45627,92.16830963154493,bson_append_array_end+0x0,IND,0,,,,
540,12,45639,92.19255009696187,jaegertracing::SpanContext::fromStream(std::istream&)+0x297,COND,0,,,,
541,12,45651,92.2167905623788,bson_iter_find_w_len+0x3f,RET,0,,,,
542,12,45663,92.24103102779573,mongoc_cmd_parts_assemble+0x9e,RET,0,,,,
543,12,45675,92.26527149321267,vfprintf+0x74e,COND,0,,,,
544,12,45687,92.2895119586296,sdscatvprintf+0x89,UNCOND,1,0x11d759,0x11d740,sdscatvprintf,sdscatvprintf
545,12,45699,92.31375242404654,sdsempty+0x0,CALL,1,0x11c580,0x11c580,sdsempty,sdsempty
546,12,45711,92.33799288946348,jaegertracing::TraceID::fromStream(std::istream&)+0x45f,COND,0,,,,
547,12,45723,92.36223335488042,sdscatfmt+0x430,COND,1,0x11dd40,0x11dd40,sdscatfmt,sdscatfmt
548,12,45735,92.38647382029735,bson_init_static+0x0,IND,0,,,,
549,12,45747,92.41071428571429,sdsMakeRoomFor+0x25c,UNCOND,1,0x11c9bc,0x11c980,sdsMakeRoomFor,sdsMakeRoomFor
550,12,45759,92.43495475113122,create_thread+0xd7,COND,0,,,,
551,12,45771,92.45919521654815,sdscatfmt+0x266,COND,1,0x11db76,0x11db40,sdscatfmt,sdscatfmt
552,12,45783,92.48343568196509,_mongoc_queue_push_head+0x24,RET,0,,,,
553,12,45795,92.50767614738203,redisReaderGetReply+0x745,IND,1,0x122a35,0x122a00,redisReaderGetReply,redisReaderGetReply
554,12,45807,92.53191661279897,sw::redis::ConnectionPool::fetch()+0x2320,COND,0,,,,
555,12,45819,92.5561570782159,mongoc_collection_find_and_modify_with_opts+0x361,RET,0,,,,
556,12,45831,92.58039754363284,redisFormatSdsCommandArgv+0x28f,COND,1,0x11ab4f,0x11ab40,redisFormatSdsCommandArgv,redisFormatSdsCommandArgv
557,12,45843,92.60463800904978,mongoc_collection_find_and_modify_with_opts+0x510,COND,0,,,,
558,12,45855,92.62887847446672,mongoc_socket_recv+0x208,COND,0,,,,
559,12,45867,92.65311893988364,__pthread_mutex_cond_lock+0x0,CALL,0,,,,
560,12,45879,92.67735940530058,bson_iter_next+0x311,COND,0,,,,
561,12,45891,92.70159987071752,__dynamic_cast@plt+0x0,CALL,0,,,,
562,12,45903,92.72584033613445,vfprintf+0x7bd,RET,0,,,,
563,12,45915,92.75008080155139,jaegertracing::reporters::RemoteReporter::sweepQueue()+0x14d8,RET,0,,,,
564,12,45927,92.77432126696833,pthread_join+0x6a,RET,0,,,,
565,12,45939,92.79856173238527,_bson_append.constprop.23+0xe2,UNCOND,0,,,,
566,12,45951,92.8228021978022,social_network::UserTimelineService_WriteUserTimeline_args::read(apache::thrift::protocol::TProtocol*)+0x15c,IND,1,0x8c8bc,0x8c880,_ZN14social_network42UserTimelineService_WriteUserTimeline_args4readEPN6apache6thrift8protocol9TProtocolE,social_network::UserTimelineService_WriteUserTimeline_args::read(apache::thrift::protocol::TProtocol*)
567,12,45963,92.84704266321913,createIntegerObject+0x0,IND_CALL,1,0x119760,0x119740,createIntegerObject,createIntegerObject
568,12,45975,92.87128312863607,jaegertracing::reporters::RemoteReporter::sweepQueue()+0xbd,RET,0,,,,
569,12,45987,92.895523594053,vfprintf+0x1f17,UNCOND,0,,,,
570,11,45998,92.91774402068519,mongoc_collection_find_and_modify+0xaf,RET,0,,,,
571,11,46009,92.9399644473174,_mongoc_rpc_gather+0x218,RET,0,,,,
572,11,46020,92.96218487394958,sw::redis::SafeConnection::~SafeConnection()+0x480,COND,0,,,,
573,11,46031,92.98440530058177,std::ios_base::_M_init()+0x0,IND,0,,,,
574,11,46042,93.00662572721396,_mongoc_client_session_append_txn+0x0,IND,0,,,,
575,11,46053,93.02884615384616,_in_sharded_txn+0x0,IND,0,,,,
576,11,46064,93.05106658047835,vfprintf+0x100,COND,0,,,,
577,11,46075,93.07328700711054,std::condition_variable::notify_one()+0x9,RET,0,,,,
578,11,46086,93.09550743374272,sw::redis::SafeConnection::~SafeConnection()+0x588,COND,0,,,,
579,11,46097,93.11772786037491,mongoc_cmd_parts_append_opts+0x180,COND,0,,,,
580,11,46108,93.13994828700712,bson_append_utf8+0x93,RET,0,,,,
581,11,46119,93.1621687136393,vfprintf+0xf3d,COND,0,,,,
582,11,46130,93.18438914027149,_mongoc_cmd_check_ok+0x120,COND,0,,,,
583,11,46141,93.20660956690368,vfprintf+0x14bc,UNCOND,0,,,,
584,11,46152,93.22882999353588,sdscatfmt+0x470,IND,1,0x11dd80,0x11dd80,sdscatfmt,sdscatfmt
585,11,46163,93.25105042016807,bson_bcon_magic@plt+0x0,CALL,0,,,,
586,11,46174,93.27327084680026,mongoc_socket_errno+0x0,IND,0,,,,
587,11,46185,93.29549127343245,pthread_mutex_unlock+0x3f,RET,0,,,,
588,11,46196,93.31771170006463,__libc_recv+0x64,RET,0,,,,
589,11,46207,93.33993212669684,social_network::UserTimelineService_ReadUserTimeline_args::read(apache::thrift::protocol::TProtocol*)+0x114,IND,1,0x8d874,0x8d840,_ZN14social_network41UserTimelineService_ReadUserTimeline_args4readEPN6apache6thrift8protocol9TProtocolE,social_network::UserTimelineService_ReadUserTimeline_args::read(apache::thrift::protocol::TProtocol*)
590,11,46218,93.36215255332903,redisvFormatCommand+0xb80,COND,1,0x11a760,0x11a740,redisvFormatCommand,redisvFormatCommand
591,11,46229,93.38437297996121,__GI___libc_sendmsg+0x22,RET,0,,,,
592,11,46240,93.4065934065934,sw::redis::ConnectionPool::fetch()+0x1c51,UNCOND,1,0x134d21,0x134d00,_ZN2sw5redis14ConnectionPool5fetchEv,sw::redis::ConnectionPool::fetch()
593,11,46251,93.4288138332256,jaegertracing::SpanContext::fromStream(std::istream&)+0x9ad,COND,0,,,,
594,10,46261,93.44901422107304,sw::redis::ConnectionPool::fetch()+0x19f5,UNCOND,1,0x134ac5,0x134ac0,_ZN2sw5redis14ConnectionPool5fetchEv,sw::redis::ConnectionPool::fetch()
595,10,46271,93.4692146089205,bson_iter_find_w_len+0x20,RET,0,,,,
596,10,46281,93.48941499676793,poll+0x39,RET,0,,,,
597,10,46291,93.50961538461539,__libc_send+0x93,RET,0,,,,
598,10,46301,93.52981577246283,bson_new_from_data+0x0,IND,0,,,,
599,10,46311,93.55001616031028,bson_iter_find_w_len+0x58,COND,0,,,,
600,10,46321,93.57021654815773,bcon_new+0x75,COND,0,,,,
601,10,46331,93.59041693600517,_mongoc_client_session_handle_reply+0xf8,RET,0,,,,
602,10,46341,93.61061732385262,bcon_append_ctx_va+0x3e8,COND,0,,,,
603,10,46351,93.63081771170006,social_network::UserTimelineService_WriteUserTimeline_args::read(apache::thrift::protocol::TProtocol*)+0x6d,RET,1,0x8c7cd,0x8c7c0,_ZN14social_network42UserTimelineService_WriteUserTimeline_args4readEPN6apache6thrift8protocol9TProtocolE,social_network::UserTimelineService_WriteUserTimeline_args::read(apache::thrift::protocol::TProtocol*)
604,10,46361,93.65101809954751,sw::redis::ConnectionPool::release(sw::redis::Connection)+0x2b,RET,1,0x13019b,0x130180,_ZN2sw5redis14ConnectionPool7releaseENS0_10ConnectionE,sw::redis::ConnectionPool::release(sw::redis::Connection)
605,10,46371,93.67121848739495,_mongoc_client_session_append_read_concern+0x150,COND,0,,,,
606,10,46381,93.6914188752424,sw::redis::ConnectionPool::fetch()+0x21c8,COND,1,0x135298,0x135280,_ZN2sw5redis14ConnectionPool5fetchEv,sw::redis::ConnectionPool::fetch()
607,10,46391,93.71161926308986,sw::redis::ConnectionPool::fetch()+0x2218,COND,1,0x1352e8,0x1352c0,_ZN2sw5redis14ConnectionPool5fetchEv,sw::redis::ConnectionPool::fetch()
608,10,46401,93.7318196509373,redisGetReply+0x90,COND,1,0x11bf10,0x11bf00,redisGetReply,redisGetReply
609,10,46411,93.75202003878475,redisAppendCommandArgv+0x0,CALL,1,0x11c190,0x11c180,redisAppendCommandArgv,redisAppendCommandArgv
610,10,46421,93.77222042663219,std::mutex::lock()+0x0,CALL,0,,,,
611,10,46431,93.79242081447964,redisBufferWrite+0x0,CALL,1,0x11bc10,0x11bc00,redisBufferWrite,redisBufferWrite
612,10,46441,93.81262120232708,sdsMakeRoomFor+0x1d0,UNCOND,1,0x11c930,0x11c900,sdsMakeRoomFor,sdsMakeRoomFor
613,10,46451,93.83282159017453,mongoc_stream_writev@plt+0x0,CALL,0,,,,
614,9,46460,93.85100193923724,sdsnewlen+0x0,UNCOND,1,0x11c3d0,0x11c3c0,sdsnewlen,sdsnewlen
615,9,46469,93.86918228829994,mongoc_cmd_parts_assemble+0xe40,COND,0,,,,
616,9,46478,93.88736263736264,sw::redis::ConnectionPool::fetch()+0x53,RET,1,0x133123,0x133100,_ZN2sw5redis14ConnectionPool5fetchEv,sw::redis::ConnectionPool::fetch()
617,9,46487,93.90554298642535,bson_has_field+0x6e,UNCOND,0,,,,
618,9,46496,93.92372333548803,vfprintf+0xc90,RET,0,,,,
619,9,46505,93.94190368455074,mongoc_collection_get_name+0x0,IND,0,,,,
620,9,46514,93.96008403361344,std::__exception_ptr::exception_ptr::~exception_ptr()+0x0,IND,0,,,,
621,9,46523,93.97826438267614,jaegertracing::SpanContext::fromStream(std::istream&)+0x2b6,RET,0,,,,
622,9,46532,93.99644473173885,vfprintf+0x946,IND,0,,,,
623,9,46541,94.01462508080155,redisvFormatCommand+0x678,RET,1,0x11a258,0x11a240,redisvFormatCommand,redisvFormatCommand
624,9,46550,94.03280542986425,social_network::UserTimelineService_ReadUserTimeline_args::read(apache::thrift::protocol::TProtocol*)+0x6d,RET,1,0x8d7cd,0x8d7c0,_ZN14social_network41UserTimelineService_ReadUserTimeline_args4readEPN6apache6thrift8protocol9TProtocolE,social_network::UserTimelineService_ReadUserTimeline_args::read(apache::thrift::protocol::TProtocol*)
625,9,46559,94.05098577892696,bson_strdup_printf+0x5b,COND,0,,,,
626,9,46568,94.06916612798966,pthread_create@@GLIBC_2.2.5+0x91a,COND,0,,,,
627,9,46577,94.08734647705236,bson_iter_next+0x2f0,COND,0,,,,
628,9,46586,94.10552682611507,redisBufferWrite+0xe3,UNCOND,1,0x11bcf3,0x11bcc0,redisBufferWrite,redisBufferWrite
629,9,46595,94.12370717517776,mongoc_cmd_parts_assemble+0x334,UNCOND,0,,,,
630,9,46604,94.14188752424046,bson_iter_init_find+0x38,COND,0,,,,
631,9,46613,94.16006787330316,_mongoc_client_session_append_read_concern+0x6e,UNCOND,0,,,,
632,9,46622,94.17824822236587,_dl_deallocate_tls+0x0,IND,0,,,,
633,9,46631,94.19642857142857,__clock_gettime+0x26,RET,0,,,,
634,9,46640,94.21460892049127,__pthread_once_slow+0x0,UNCOND,0,,,,
635,9,46649,94.23278926955398,redisBufferWrite+0x140,IND,1,0x11bd50,0x11bd40,redisBufferWrite,redisBufferWrite
636,9,46658,94.25096961861668,bson_iter_next+0x5b,COND,0,,,,
637,9,46667,94.26914996767938,mongoc_read_prefs_destroy+0x0,IND,0,,,,
638,9,46676,94.28733031674209,vfprintf+0xfbd,RET,0,,,,
639,9,46685,94.30551066580479,realloc+0x7b,COND,0,,,,
640,9,46694,94.32369101486749,bson_iter_find_w_len+0x4a,COND,0,,,,
641,9,46703,94.34187136393018,rand_r@plt+0x0,UNCOND,0,,,,
642,9,46712,94.36005171299288,sdscatfmt+0x5d0,COND,1,0x11dee0,0x11dec0,sdscatfmt,sdscatfmt
643,9,46721,94.37823206205559,pthread_create@@GLIBC_2.2.5+0x5da,COND,0,,,,
644,9,46730,94.39641241111829,jaegertracing::reporters::RemoteReporter::sweepQueue()+0xe72,COND,0,,,,
645,9,46739,94.414592760181,sdscatlen+0x43,RET,1,0x11d233,0x11d200,sdscatlen,sdscatlen
646,9,46748,94.4327731092437,redisNetWrite+0x3b,UNCOND,1,0x1232fb,0x1232c0,redisNetWrite,redisNetWrite
647,8,46756,94.44893341952165,bcon_append_ctx_va+0x818,COND,0,,,,
648,8,46764,94.4650937297996,jaegertracing::SpanContext::fromStream(std::istream&)+0x5c8,COND,0,,,,
649,8,46772,94.48125404007757,sw::redis::ConnectionPool::_fetch()+0x6c8,COND,1,0x132608,0x132600,_ZN2sw5redis14ConnectionPool6_fetchEv,sw::redis::ConnectionPool::_fetch()
650,8,46780,94.49741435035553,moveToNextTask.isra.0+0x0,CALL,0,,,,
651,8,46788,94.51357466063348,_mongoc_cmd_check_ok_no_wce+0xda,RET,0,,,,
652,8,46796,94.52973497091145,bcon_append_ctx_va+0x4ea,UNCOND,0,,,,
653,8,46804,94.5458952811894,__clock_gettime+0x45,COND,0,,,,
654,8,46812,94.56205559146736,sw::redis::ConnectionPool::_fetch()+0x288,UNCOND,1,0x1321c8,0x1321c0,_ZN2sw5redis14ConnectionPool6_fetchEv,sw::redis::ConnectionPool::_fetch()
655,8,46820,94.57821590174531,bcon_append_ctx_va+0x1ed,RET,0,,,,
656,8,46828,94.59437621202328,sw::redis::ConnectionPool::_fetch()+0x123,UNCOND,1,0x132063,0x132040,_ZN2sw5redis14ConnectionPool6_fetchEv,sw::redis::ConnectionPool::_fetch()
657,8,46836,94.61053652230123,bson_reinit+0x0,IND,0,,,,
658,8,46844,94.62669683257919,bson_iter_next+0x2a3,COND,0,,,,
659,8,46852,94.64285714285714,sdsnewlen+0x5f,RET,1,0x11c42f,0x11c400,sdsnewlen,sdsnewlen
660,8,46860,94.6590174531351,__libc_calloc+0x19e,COND,0,,,,
661,8,46868,94.67517776341306,bson_iter_next@plt+0x0,CALL,0,,,,
662,8,46876,94.69133807369101,bson_iter_init_find+0x43,RET,0,,,,
663,8,46884,94.70749838396897,strncmp@plt+0x0,CALL,0,,,,
664,8,46892,94.72365869424694,bson_get_monotonic_time+0x21,RET,0,,,,
665,8,46900,94.73981900452489,__libc_calloc+0x270,COND,0,,,,
666,8,46908,94.75597931480284,sw::redis::SafeConnection::~SafeConnection()+0x25c,UNCOND,0,,,,
667,8,46916,94.7721396250808,social_network::Creator::read(apache::thrift::protocol::TProtocol*)+0x0,CALL,1,0x975b0,0x97580,_ZN14social_network7Creator4readEPN6apache6thrift8protocol9TProtocolE,social_network::Creator::read(apache::thrift::protocol::TProtocol*)
668,8,46924,94.78829993535876,mongoc_server_description_handle_ismaster+0x80a,RET,0,,,,
669,8,46932,94.80446024563672,__free_tcb+0x0,CALL,0,,,,
670,8,46940,94.82062055591467,pthread_create@@GLIBC_2.2.5+0x1d7,COND,0,,,,
671,8,46948,94.83678086619263,mongoc_cmd_parts_assemble+0xeed,RET,0,,,,
672,8,46956,94.8529411764706,sw::redis::ConnectionPool::_fetch()+0x2e9,UNCOND,1,0x132229,0x132200,_ZN2sw5redis14ConnectionPool6_fetchEv,sw::redis::ConnectionPool::_fetch()
673,8,46964,94.86910148674855,jaegertracing::TraceID::fromStream(std::istream&)+0x128,COND,0,,,,
674,8,46972,94.8852617970265,mongoc_server_description_handle_ismaster+0x77d,RET,0,,,,
675,8,46980,94.90142210730446,sdsnewlen+0xb2,COND,1,0x11c482,0x11c480,sdsnewlen,sdsnewlen
676,8,46988,94.91758241758242,mongoc_collection_find_and_modify_with_opts+0x146,COND,0,,,,
677,8,46996,94.93374272786038,std::locale::~locale()@plt+0x0,UNCOND,0,,,,
678,8,47004,94.94990303813833,sw::redis::ConnectionPool::fetch()+0x1aba,UNCOND,1,0x134b8a,0x134b80,_ZN2sw5redis14ConnectionPool5fetchEv,sw::redis::ConnectionPool::fetch()
679,8,47012,94.96606334841628,_IO_default_xsputn+0xa8,COND,0,,,,
680,8,47020,94.98222365869425,mongoc_read_prefs_copy+0x34,RET,0,,,,
681,8,47028,94.9983839689722,_bson_append.constprop.25+0xf3,RET,0,,,,
682,8,47036,95.01454427925016,_pthread_cleanup_push+0x0,CALL,0,,,,
683,8,47044,95.03070458952811,string2ll+0x120,COND,1,0x1218a0,0x121880,string2ll,string2ll
684,8,47052,95.04686489980608,pthread_cond_timedwait@@GLIBC_2.3.2+0x1e3,COND,0,,,,
685,8,47060,95.06302521008404,pthread_mutex_unlock+0x72,COND,0,,,,
686,8,47068,95.07918552036199,sw::redis::SafeConnection::~SafeConnection()+0x2c2,UNCOND,0,,,,
687,8,47076,95.09534583063994,mmap64+0x1b,COND,0,,,,
688,8,47084,95.11150614091791,_mongoc_topology_push_server_session+0x15a,COND,0,,,,
689,8,47092,95.12766645119586,sdsrange+0x34,UNCOND,1,0x11e3d4,0x11e3c0,sdsrange,sdsrange
690,8,47100,95.14382676147382,sw::redis::SafeConnection::~SafeConnection()+0x4a0,COND,0,,,,
691,8,47108,95.15998707175177,_mongoc_topology_start_background_scanner+0x10,COND,0,,,,
692,7,47115,95.17412734324499,mprotect+0x0,IND,0,,,,
693,7,47122,95.18826761473821,bson_iter_int32+0x0,IND,0,,,,
694,7,47129,95.20240788623141,_mongoc_client_push_server_session+0x0,IND,0,,,,
695,7,47136,95.21654815772463,strlen+0x90,COND,0,,,,
696,7,47143,95.23068842921784,vfprintf+0x8e5,IND,0,,,,
697,7,47150,95.24482870071105,bson_iter_double+0x0,IND,0,,,,
698,7,47157,95.25896897220427,sw::redis::ConnectionPool::fetch()+0x1d31,UNCOND,1,0x134e01,0x134e00,_ZN2sw5redis14ConnectionPool5fetchEv,sw::redis::ConnectionPool::fetch()
699,7,47164,95.27310924369748,mongoc_server_description_handle_ismaster+0x270,COND,0,,,,
700,7,47171,95.2872495151907,redisvFormatCommand+0x278,COND,1,0x119e58,0x119e40,redisvFormatCommand,redisvFormatCommand
701,7,47178,95.3013897866839,__libc_calloc+0x180,COND,0,,,,
702,7,47185,95.31553005817712,bcon_append_ctx_va+0x460,COND,0,,,,
703,7,47192,95.32967032967034,bson_iter_find_w_len+0x18,COND,0,,,,
704,7,47199,95.34381060116354,sw::redis::ConnectionPool::_fetch()+0x34a,UNCOND,1,0x13228a,0x132280,_ZN2sw5redis14ConnectionPool6_fetchEv,sw::redis::ConnectionPool::_fetch()
705,7,47206,95.35795087265676,clock_gettime@plt+0x0,CALL,0,,,,
706,7,47213,95.37209114414996,bson_iter_find+0x0,IND,0,,,,
707,7,47220,95.38623141564318,vfprintf+0xd1,RET,0,,,,
708,7,47227,95.4003716871364,jaegertracing::reporters::RemoteReporter::sweepQueue()+0xe20,COND,0,,,,
709,7,47234,95.4145119586296,redisGetReplyFromReader+0x0,CALL,1,0x11be30,0x11be00,redisGetReplyFromReader,redisGetReplyFromReader
710,7,47241,95.42865223012282,_mongoc_client_session_new+0xef,UNCOND,0,,,,
711,7,47248,95.44279250161603,bson_iter_find_w_len+0x2e,RET,0,,,,
712,7,47255,95.45693277310924,jaegertracing::Span::~Span()+0x51,COND,0,,,,
713,7,47262,95.47107304460246,mongoc_transaction_opts_set_read_concern+0x0,IND,0,,,,
714,7,47269,95.48521331609567,social_network::UserTimelineService_ReadUserTimeline_args::read(apache::thrift::protocol::TProtocol*)+0x15c,IND,1,0x8d8bc,0x8d880,_ZN14social_network41UserTimelineService_ReadUserTimeline_args4readEPN6apache6thrift8protocol9TProtocolE,social_network::UserTimelineService_ReadUserTimeline_args::read(apache::thrift::protocol::TProtocol*)
715,7,47276,95.49935358758889,_mongoc_collection_new+0x10d,RET,0,,,,
716,7,47283,95.51349385908209,mongoc_server_description_handle_ismaster+0x108,RET,0,,,,
717,7,47290,95.52763413057531,bson_iter_init_find@plt+0x0,CALL,0,,,,
718,7,47297,95.54177440206853,jaegertracing::SpanContext::fromStream(std::istream&)+0x21c,COND,0,,,,
719,7,47304,95.55591467356173,vfprintf+0x139b,RET,0,,,,
720,7,47311,95.57005494505495,_mongoc_buffer_destroy+0x0,IND,0,,,,
721,7,47318,95.58419521654815,sdsMakeRoomFor+0x16e,COND,1,0x11c8ce,0x11c8c0,sdsMakeRoomFor,sdsMakeRoomFor
722,7,47325,95.59833548804137,_mongoc_topology_pop_server_session+0x30,COND,0,,,,
723,7,47332,95.61247575953459,redisFormatSdsCommandArgv+0x9f,UNCOND,1,0x11a95f,0x11a940,redisFormatSdsCommandArgv,redisFormatSdsCommandArgv
724,7,47339,95.6266160310278,vfprintf+0xb0b,COND,0,,,,
725,7,47346,95.64075630252101,mongoc_write_concern_destroy+0x0,IND,0,,,,
726,7,47353,95.65489657401422,jaegertracing::SpanContext::fromStream(std::istream&)+0xe9a,COND,0,,,,
727,7,47360,95.66903684550743,_mongoc_cluster_stream_for_server+0x128,COND,0,,,,
728,7,47367,95.68317711700065,redisvFormatCommand+0x9fd,IND,1,0x11a5dd,0x11a5c0,redisvFormatCommand,redisvFormatCommand
729,7,47374,95.69731738849386,sw::redis::SafeConnection::~SafeConnection()+0x4e8,COND,0,,,,
730,7,47381,95.71145765998708,std::ios_base::ios_base()+0x60,COND,0,,,,
731,7,47388,95.72559793148028,__getpagesize+0x0,IND,0,,,,
732,7,47395,95.7397382029735,_in_sharded_txn+0x40,COND,0,,,,
733,7,47402,95.75387847446672,bcon_append_ctx_va+0xa40,IND,0,,,,
734,7,47409,95.76801874595992,std::ios_base::~ios_base()+0x0,IND,0,,,,
735,7,47416,95.78215901745314,jaegertracing::TraceID::fromStream(std::istream&)+0x198,COND,0,,,,
736,7,47423,95.79629928894634,mongoc_collection_find_and_modify_with_opts+0x34e,COND,0,,,,
737,7,47430,95.81043956043956,mongoc_collection_find_and_modify_with_opts+0xe5,RET,0,,,,
738,7,47437,95.82457983193277,social_network::UserMention::read(apache::thrift::protocol::TProtocol*)+0x0,IND_CALL,1,0x96e30,0x96e00,_ZN14social_network11UserMention4readEPN6apache6thrift8protocol9TProtocolE,social_network::UserMention::read(apache::thrift::protocol::TProtocol*)
739,7,47444,95.83872010342598,pthread_cond_signal@@GLIBC_2.3.2+0x9d,COND,0,,,,
740,6,47450,95.85084033613445,social_network::UserTimelineService_ReadUserTimeline_args::read(apache::thrift::protocol::TProtocol*)+0xdf,UNCOND,1,0x8d83f,0x8d800,_ZN14social_network41UserTimelineService_ReadUserTimeline_args4readEPN6apache6thrift8protocol9TProtocolE,social_network::UserTimelineService_ReadUserTimeline_args::read(apache::thrift::protocol::TProtocol*)
741,6,47456,95.86296056884292,mongoc_client_session_destroy+0xb8,COND,0,,,,
742,6,47462,95.87508080155139,pthread_create@@GLIBC_2.2.5+0x329,RET,0,,,,
743,6,47468,95.88720103425986,vfprintf+0xc5e,COND,0,,,,
744,6,47474,95.89932126696833,sw::redis::ConnectionPool::fetch()+0x1b71,UNCOND,1,0x134c41,0x134c40,_ZN2sw5redis14ConnectionPool5fetchEv,sw::redis::ConnectionPool::fetch()
745,6,47480,95.9114414996768,__free_tcb+0x148,COND,0,,,,
746,6,47486,95.92356173238527,redisvFormatCommand+0x633,UNCOND,1,0x11a213,0x11a200,redisvFormatCommand,redisvFormatCommand
747,6,47492,95.93568196509374,jaegertracing::SpanContext::fromStream(std::istream&)+0xddb,COND,0,,,,
748,6,47498,95.9478021978022,social_network::UserTimelineService_ReadUserTimeline_args::read(apache::thrift::protocol::TProtocol*)+0x138,IND,1,0x8d898,0x8d880,_ZN14social_network41UserTimelineService_ReadUserTimeline_args4readEPN6apache6thrift8protocol9TProtocolE,social_network::UserTimelineService_ReadUserTimeline_args::read(apache::thrift::protocol::TProtocol*)
749,6,47504,95.95992243051066,redisvFormatCommand+0xb03,COND,1,0x11a6e3,0x11a6c0,redisvFormatCommand,redisvFormatCommand
750,6,47510,95.97204266321913,pthread_create@@GLIBC_2.2.5+0x667,COND,0,,,,
751,6,47516,95.9841628959276,std::istream::get(char&)+0x95,UNCOND,0,,,,
752,6,47522,95.99628312863607,sw::redis::SafeConnection::~SafeConnection()+0x510,COND,0,,,,
753,6,47528,96.00840336134453,sdsfree+0x0,CALL,1,0x11c640,0x11c640,sdsfree,sdsfree
754,6,47534,96.020523594053,sw::redis::ConnectionPool::_fetch()+0x1c6,UNCOND,1,0x132106,0x132100,_ZN2sw5redis14ConnectionPool6_fetchEv,sw::redis::ConnectionPool::_fetch()
755,6,47540,96.03264382676147,sdsMakeRoomFor+0x13a,RET,1,0x11c89a,0x11c880,sdsMakeRoomFor,sdsMakeRoomFor
756,6,47546,96.04476405946994,mongoc_server_description_handle_ismaster+0x416,RET,0,,,,
757,6,47552,96.05688429217841,std::istream::get(char&)@plt+0x0,CALL,0,,,,
758,6,47558,96.06900452488688,bson_append_document_begin+0x79,UNCOND,0,,,,
759,6,47564,96.08112475759535,_mongoc_rpc_gather+0xe30,COND,0,,,,
760,6,47570,96.09324499030382,vfprintf+0x161f,COND,0,,,,
761,6,47576,96.10536522301229,jaegertracing::TraceID::fromStream(std::istream&)+0x1f0,COND,0,,,,
762,6,47582,96.11748545572075,jaegertracing::SpanContext::swap(jaegertracing::SpanContext&)+0x118,COND,1,0x6a718,0x6a700,_ZN13jaegertracing11SpanContext4swapERS0_,jaegertracing::SpanContext::swap(jaegertracing::SpanContext&)
763,6,47588,96.12960568842922,sw::redis::ConnectionPool::fetch()+0xeb2,COND,1,0x133f82,0x133f80,_ZN2sw5redis14ConnectionPool5fetchEv,sw::redis::ConnectionPool::fetch()
764,6,47594,96.14172592113769,jaegertracing::SpanContext::fromStream(std::istream&)+0x318,COND,0,,,,
765,6,47600,96.15384615384616,social_network::PostStorageService_ReadPosts_presult::read(apache::thrift::protocol::TProtocol*)+0x0,CALL,1,0xa0250,0xa0240,_ZN14social_network36PostStorageService_ReadPosts_presult4readEPN6apache6thrift8protocol9TProtocolE,social_network::PostStorageService_ReadPosts_presult::read(apache::thrift::protocol::TProtocol*)
766,6,47606,96.16596638655462,mongoc_find_and_modify_opts_set_sort+0x30,COND,0,,,,
767,6,47612,96.17808661926308,mongoc_topology_server_timestamp+0x0,IND,0,,,,
768,6,47618,96.19020685197155,string2ll+0x158,COND,0,,,,
769,6,47624,96.20232708468002,sw::redis::SafeConnection::~SafeConnection()+0x1f6,UNCOND,0,,,,
770,6,47630,96.21444731738849,sdsll2str+0x0,CALL,1,0x11d570,0x11d540,sdsll2str,sdsll2str
771,6,47636,96.22656755009696,bson_append_bool+0x4a,COND,0,,,,
772,6,47642,96.23868778280543,_mongoc_array_append_vals+0x56,RET,0,,,,
773,6,47648,96.2508080155139,mongoc_server_description_handle_ismaster+0xc21,RET,0,,,,
774,6,47654,96.26292824822237,redisGetReply+0x3e,RET,1,0x11bebe,0x11be80,redisGetReply,redisGetReply
775,6,47660,96.27504848093083,mongoc_client_session_get_cluster_time+0x0,IND,0,,,,
776,6,47666,96.2871687136393,std::_Sp_counted_base<(__gnu_cxx::_Lock_policy)2>::_M_release()@plt+0x0,CALL,1,0x1391d0,0x1391c0,_ZNSt16_Sp_counted_baseILN9__gnu_cxx12_Lock_policyE2EE10_M_releaseEv,std::_Sp_counted_base<(__gnu_cxx::_Lock_policy)2>::_M_release()
777,6,47672,96.29928894634777,jaegertracing::TraceID::fromStream(std::istream&)+0x65,RET,0,,,,
778,6,47678,96.31140917905624,_mongoc_client_session_handle_reply+0x120,RET,0,,,,
779,6,47684,96.32352941176471,mongoc_collection_destroy+0x29,COND,0,,,,
780,6,47690,96.33564964447318,mongoc_cmd_parts_set_write_concern+0x40,RET,0,,,,
781,6,47696,96.34776987718165,bson_snprintf+0x51,COND,0,,,,
782,6,47702,96.35989010989012,bson_append_array_begin+0x188,COND,0,,,,
783,6,47708,96.37201034259857,mongoc_cmd_parts_init+0x89,RET,0,,,,
784,6,47714,96.38413057530704,vfprintf+0x1f49,RET,0,,,,
785,6,47720,96.39625080801551,bson_iter_as_bool@plt+0x0,CALL,0,,,,
786,6,47726,96.40837104072398,redisReaderGetReply+0x141,UNCOND,1,0x122431,0x122400,redisReaderGetReply,redisReaderGetReply
787,6,47732,96.42049127343245,__sigsetjmp+0x0,UNCOND,0,,,,
788,6,47738,96.43261150614092,__ctype_init+0x0,IND,0,,,,
789,6,47744,96.44473173884938,mongoc_find_and_modify_opts_set_sort@plt+0x0,CALL,0,,,,
790,6,47750,96.45685197155785,social_network::PostStorageService_ReadPosts_presult::read(apache::thrift::protocol::TProtocol*)+0x243,COND,1,0xa0493,0xa0480,_ZN14social_network36PostStorageService_ReadPosts_presult4readEPN6apache6thrift8protocol9TProtocolE,social_network::PostStorageService_ReadPosts_presult::read(apache::thrift::protocol::TProtocol*)
791,6,47756,96.46897220426632,mongoc_client_pool_pop+0x5a,RET,0,,,,
792,6,47762,96.48109243697479,sw::redis::ConnectionPool::_fetch()+0x5e0,COND,1,0x132520,0x132500,_ZN2sw5redis14ConnectionPool6_fetchEv,sw::redis::ConnectionPool::_fetch()
793,6,47768,96.49321266968326,std::ios_base::_M_dispose_callbacks()+0x2e,COND,0,,,,
794,6,47774,96.50533290239173,jaegertracing::SpanContext::fromStream(std::istream&)+0xbd0,COND,0,,,,
795,5,47779,96.51543309631545,_bson_append.constprop.25+0x0,CALL,0,,,,
796,5,47784,96.52553329023917,mongoc_server_description_handle_ismaster+0x9f0,RET,0,,,,
797,5,47789,96.5356334841629,mongoc_cmd_parts_assemble+0x278,COND,0,,,,
798,5,47794,96.54573367808662,_bson_append.constprop.23+0x1f8,COND,0,,,,
799,5,47799,96.55583387201034,jaegertracing::TraceID::fromStream(std::istream&)+0x370,COND,0,,,,
800,5,47804,96.56593406593407,sw::redis::SafeConnection::~SafeConnection()+0x149,UNCOND,0,,,,
801,5,47809,96.57603425985779,vfprintf+0x1697,COND,0,,,,
802,5,47814,96.58613445378151,sw::redis::ConnectionPool::fetch()+0xe67,COND,1,0x133f37,0x133f00,_ZN2sw5redis14ConnectionPool5fetchEv,sw::redis::ConnectionPool::fetch()
803,5,47819,96.59623464770523,sw::redis::ConnectionPool::_fetch()+0x6f0,COND,1,0x132630,0x132600,_ZN2sw5redis14ConnectionPool6_fetchEv,sw::redis::ConnectionPool::_fetch()
804,5,47824,96.60633484162896,mongoc_collection_find_and_modify_with_opts+0x17f,RET,0,,,,
805,5,47829,96.61643503555268,jaegertracing::TraceID::fromStream(std::istream&)+0x4d5,COND,0,,,,
806,5,47834,96.6265352294764,bson_append_document_begin+0xe3,RET,0,,,,
807,5,47839,96.63663542340014,jaegertracing::TraceID::fromStream(std::istream&)+0x400,COND,0,,,,
808,5,47844,96.64673561732386,bson_has_field@plt+0x0,CALL,0,,,,
809,5,47849,96.65683581124757,pthread_create@@GLIBC_2.2.5+0x38c,UNCOND,0,,,,
810,5,47854,96.6669360051713,mongoc_server_description_compressor_id+0x6f,RET,0,,,,
811,5,47859,96.67703619909503,__libc_recv+0x48,COND,0,,,,
812,5,47864,96.68713639301875,vfprintf+0xbd6,COND,0,,,,
813,5,47869,96.69723658694247,__free_tcb+0x56,COND,0,,,,
814,5,47874,96.70733678086619,bson_append_int64+0x89,RET,0,,,,
815,5,47879,96.71743697478992,_mongoc_collection_new+0x47,RET,0,,,,
816,5,47884,96.72753716871364,_mongoc_client_session_handle_reply+0xae,COND,0,,,,
817,5,47889,96.73763736263736,vfprintf+0xe7,UNCOND,0,,,,
818,5,47894,96.74773755656109,apache::thrift::transport::TFramedTransport::readFrame()+0x86,RET,0,,,,
819,5,47899,96.75783775048481,sw::redis::ConnectionPool::_fetch()+0x638,COND,1,0x132578,0x132540,_ZN2sw5redis14ConnectionPool6_fetchEv,sw::redis::ConnectionPool::_fetch()
820,5,47904,96.76793794440853,_mongoc_write_concern_get_bson+0x20,COND,0,,,,
821,5,47909,96.77803813833225,sdscatlen+0xc8,UNCOND,1,0x11d2b8,0x11d280,sdscatlen,sdscatlen
822,5,47914,96.78813833225598,bcon_append_ctx_va+0x550,COND,0,,,,
823,5,47919,96.7982385261797,_mongoc_stream_socket_readv+0x147,COND,0,,,,
824,5,47924,96.80833872010342,jaegertracing::reporters::RemoteReporter::sweepQueue()+0x446,COND,0,,,,
825,5,47929,96.81843891402715,redisReaderGetReply+0x6d8,IND,1,0x1229c8,0x1229c0,redisReaderGetReply,redisReaderGetReply
826,5,47934,96.82853910795087,mongoc_collection_find_and_modify_with_opts+0x2ae,COND,0,,,,
827,5,47939,96.8386393018746,jaegertracing::SpanContext::fromStream(std::istream&)+0x8da,RET,0,,,,
828,5,47944,96.84873949579831,_mongoc_client_session_new+0x130,COND,0,,,,
829,5,47949,96.85883968972205,mongoc_server_description_handle_ismaster+0x110,COND,0,,,,
830,5,47954,96.86893988364577,sw::redis::SafeConnection::~SafeConnection()+0xf2,UNCOND,1,0x820f2,0x820c0,_ZN2sw5redis14SafeConnectionD2Ev,sw::redis::SafeConnection::~SafeConnection()
831,5,47959,96.87904007756948,mongoc_cluster_run_command_monitored+0xf5,COND,0,,,,
832,5,47964,96.88914027149322,_mongoc_cmd_check_ok+0x0,IND,0,,,,
833,5,47969,96.89924046541694,mongoc_set_add+0x41,COND,0,,,,
834,5,47974,96.90934065934066,social_network::Post::read(apache::thrift::protocol::TProtocol*)+0x80,UNCOND,1,0x98b20,0x98b00,_ZN14social_network4Post4readEPN6apache6thrift8protocol9TProtocolE,social_network::Post::read(apache::thrift::protocol::TProtocol*)
835,5,47979,96.91944085326438,_bson_append.constprop.23+0x119,UNCOND,0,,,,
836,5,47984,96.92954104718811,redisvFormatCommand+0xd3,RET,1,0x119cb3,0x119c80,redisvFormatCommand,redisvFormatCommand
837,5,47989,96.93964124111183,sdscatfmt+0x6e0,COND,1,0x11dff0,0x11dfc0,sdscatfmt,sdscatfmt
838,5,47994,96.94974143503555,mongoc_cluster_run_opmsg+0x438,COND,0,,,,
839,5,47999,96.95984162895928,mongoc_cluster_stream_for_writes+0x98,COND,0,,,,
840,5,48004,96.969941822883,sw::redis::Connection::recv()+0x0,CALL,1,0x12b5e0,0x12b5c0,_ZN2sw5redis10Connection4recvEv,sw::redis::Connection::recv()
841,5,48009,96.98004201680672,jaegertracing::reporters::RemoteReporter::sweepQueue()+0x30e,RET,0,,,,
842,5,48014,96.99014221073044,sw::redis::ConnectionPool::fetch()+0x21f0,COND,1,0x1352c0,0x1352c0,_ZN2sw5redis14ConnectionPool5fetchEv,sw::redis::ConnectionPool::fetch()
843,5,48019,97.00024240465417,jaegertracing::TraceID::fromStream(std::istream&)+0x300,UNCOND,0,,,,
844,5,48024,97.01034259857789,_bson_append.constprop.23+0x13a,COND,0,,,,
845,5,48029,97.02044279250161,mongoc_server_description_handle_ismaster+0xb5e,RET,0,,,,
846,5,48034,97.03054298642535,mongoc_write_concern_is_valid+0x22,COND,0,,,,
847,5,48039,97.04064318034906,social_network::Post::read(apache::thrift::protocol::TProtocol*)+0x450,IND,1,0x98ef0,0x98ec0,_ZN14social_network4Post4readEPN6apache6thrift8protocol9TProtocolE,social_network::Post::read(apache::thrift::protocol::TProtocol*)
848,5,48044,97.05074337427278,sdsll2str+0x23,UNCOND,1,0x11d593,0x11d580,sdsll2str,sdsll2str
849,5,48049,97.0608435681965,freeReplyObject+0x80,COND,1,0x119870,0x119840,freeReplyObject,freeReplyObject
850,5,48054,97.07094376212024,redisvFormatCommand+0x29b,RET,1,0x119e7b,0x119e40,redisvFormatCommand,redisvFormatCommand
851,5,48059,97.08104395604396,vfprintf+0xcc1,COND,0,,,,
852,5,48064,97.09114414996768,sw::redis::ConnectionPool::_fetch()+0x610,COND,1,0x132550,0x132540,_ZN2sw5redis14ConnectionPool6_fetchEv,sw::redis::ConnectionPool::_fetch()
853,5,48069,97.10124434389141,social_network::Post::~Post()+0x0,IND_CALL,1,0x98810,0x98800,_ZN14social_network4PostD2Ev,social_network::Post::~Post()
854,5,48074,97.11134453781513,jaegertracing::SpanContext::fromStream(std::istream&)+0x55c,COND,0,,,,
855,5,48079,97.12144473173885,_setjmp+0x0,IND,0,,,,
856,5,48084,97.13154492566257,bson_free@plt+0x0,CALL,0,,,,
857,5,48089,97.1416451195863,_mongoc_client_session_append_read_concern+0x159,RET,0,,,,
858,5,48094,97.15174531351002,sw::redis::ConnectionPool::fetch()+0x2348,COND,0,,,,
859,5,48099,97.16184550743374,jaegertracing::reporters::RemoteReporter::sweepQueue()+0x16e3,RET,0,,,,
860,5,48104,97.17194570135747,apache::thrift::protocol::TCompactProtocolFactoryT<apache::thrift::transport::TTransport>::getProtocol(std::shared_ptr<apache::thrift::transport::TTransport>)+0xd0,RET,0,,,,
861,5,48109,97.18204589528119,bcon_append_ctx_va+0xe35,IND,0,,,,
862,5,48114,97.19214608920491,start_thread+0x0,IND_CALL,0,,,,
863,4,48118,97.2002262443439,bson_destroy+0x20,COND,0,,,,
864,4,48122,97.20830639948286,mongoc_server_description_handle_ismaster+0x951,RET,0,,,,
865,4,48126,97.21638655462185,_mongoc_stream_socket_readv+0x135,COND,0,,,,
866,4,48130,97.22446670976083,sw::redis::ConnectionPool::_fetch()+0x660,COND,1,0x1325a0,0x132580,_ZN2sw5redis14ConnectionPool6_fetchEv,sw::redis::ConnectionPool::_fetch()
867,4,48134,97.2325468648998,mongoc_cmd_parts_assemble+0x3eb,COND,0,,,,
868,4,48138,97.24062702003879,jaegertracing::reporters::RemoteReporter::sweepQueue()+0x11b,RET,0,,,,
869,4,48142,97.24870717517776,jaegertracing::thrift::Span::__set_flags(int)@plt+0x0,CALL,0,,,,
870,4,48146,97.25678733031674,_mongoc_stream_socket_writev+0x4f,RET,0,,,,
871,4,48150,97.26486748545572,jaegertracing::SpanContext::fromStream(std::istream&)+0xadf,COND,0,,,,
872,4,48154,97.2729476405947,strcasecmp@plt+0x0,CALL,0,,,,
873,4,48158,97.28102779573368,sw::redis::SafeConnection::~SafeConnection()+0x4c0,COND,0,,,,
874,4,48162,97.28910795087266,bson_reinit+0x19,COND,0,,,,
875,4,48166,97.29718810601163,mongoc_server_description_handle_ismaster+0x11c,RET,0,,,,
876,4,48170,97.30526826115062,jaegertracing::SpanContext::fromStream(std::istream&)+0xd3f,COND,0,,,,
877,4,48174,97.3133484162896,social_network::UserTimelineService_ReadUserTimeline_args::read(apache::thrift::protocol::TProtocol*)+0x3e4,RET,1,0x8db44,0x8db40,_ZN14social_network41UserTimelineService_ReadUserTimeline_args4readEPN6apache6thrift8protocol9TProtocolE,social_network::UserTimelineService_ReadUserTimeline_args::read(apache::thrift::protocol::TProtocol*)
878,4,48178,97.32142857142857,jaegertracing::thrift::Span::~Span()+0x219,RET,0,,,,
879,4,48182,97.32950872656755,__libc_calloc+0x138,COND,0,,,,
880,4,48186,97.33758888170652,mongoc_write_concern_new@plt+0x0,CALL,0,,,,
881,4,48190,97.3456690368455,jaegertracing::thrift::Span::~Span()+0x1e9,UNCOND,0,,,,
882,4,48194,97.35374919198449,mongoc_find_and_modify_opts_set_fields+0x32,COND,0,,,,
883,4,48198,97.36182934712346,social_network::UserTimelineService_ReadUserTimeline_args::read(apache::thrift::protocol::TProtocol*)+0x9b,RET,1,0x8d7fb,0x8d7c0,_ZN14social_network41UserTimelineService_ReadUserTimeline_args4readEPN6apache6thrift8protocol9TProtocolE,social_network::UserTimelineService_ReadUserTimeline_args::read(apache::thrift::protocol::TProtocol*)
884,4,48202,97.36990950226244,_mongoc_rpc_scatter+0x2c2,COND,0,,,,
885,4,48206,97.37798965740143,realloc+0x188,UNCOND,0,,,,
886,4,48210,97.3860698125404,opentracing::v2::Tracer::Global()@plt+0x0,CALL,0,,,,
887,4,48214,97.39414996767938,redisGetReply+0xb8,RET,1,0x11bf38,0x11bf00,redisGetReply,redisGetReply
888,4,48218,97.40223012281835,mongoc_find_and_modify_opts_new@plt+0x0,CALL,0,,,,
889,4,48222,97.41031027795734,jaegertracing::SpanContext::fromStream(std::istream&)+0x578,UNCOND,0,,,,
890,4,48226,97.41839043309632,_bson_append.constprop.25+0x13a,COND,0,,,,
891,4,48230,97.42647058823529,mongoc_collection_find_and_modify+0x97,RET,0,,,,
892,4,48234,97.43455074337427,_bson_append.constprop.23+0xc0,COND,0,,,,
893,4,48238,97.44263089851326,mongoc_server_description_handle_ismaster+0x8b2,RET,0,,,,
894,4,48242,97.45071105365223,bson_append_document@plt+0x0,CALL,0,,,,
895,4,48246,97.45879120879121,jaegertracing::thrift::SpanRef::__set_traceIdLow(long)@plt+0x0,CALL,0,,,,
896,4,48250,97.46687136393018,redisReaderFeed+0x210,COND,1,0x1222c0,0x1222c0,redisReaderFeed,redisReaderFeed
897,4,48254,97.47495151906917,_bson_append.constprop.25+0xe2,UNCOND,0,,,,
898,4,48258,97.48303167420815,_IO_setb+0x17,COND,0,,,,
899,4,48262,97.49111182934712,jaegertracing::SpanContext::swap(jaegertracing::SpanContext&)+0x9a,UNCOND,1,0x6a69a,0x6a680,_ZN13jaegertracing11SpanContext4swapERS0_,jaegertracing::SpanContext::swap(jaegertracing::SpanContext&)
900,4,48266,97.4991919844861,sw::redis::ConnectionPool::_fetch()+0x5f8,COND,1,0x132538,0x132500,_ZN2sw5redis14ConnectionPool6_fetchEv,sw::redis::ConnectionPool::_fetch()
901,4,48270,97.50727213962509,bson_iter_next+0x260,UNCOND,0,,,,
902,4,48274,97.51535229476406,sdscatfmt+0x4c0,COND,1,0x11ddd0,0x11ddc0,sdscatfmt,sdscatfmt
903,4,48278,97.52343244990304,jaegertracing::SpanContext::SpanContext()@plt+0x0,CALL,1,0x69300,0x69300,_ZN13jaegertracing11SpanContextC2ERKNS_7TraceIDEmmhRKSt13unordered_mapINSt7__cxx1112basic_stringIcSt11char_traitsIcESaIcEEESA_St4hashISA_ESt8equal_toISA_ESaISt4pairIKSA_SA_EEERSG_,"jaegertracing::SpanContext::SpanContext(jaegertracing::TraceID const&, unsigned long, unsigned long, unsigned char, std::unordered_map<std::__cxx11::basic_string<char, std::char_traits<char>, std::allocator<char>>, std::__cxx11::basic_string<char, std::char_traits<char>, std::allocator<char>>, std::hash<std::__cxx11::basic_string<char, std::char_traits<char>, std::allocator<char>>>, std::equal_to<std::__cxx11::basic_string<char, std::char_traits<char>, std::allocator<char>>>, std::allocator<std::pair<std::__cxx11::basic_string<char, std::char_traits<char>, std::allocator<char>> const, std::__cxx11::basic_string<char, std::char_traits<char>, std::allocator<char>>>>> const&, std::__cxx11::basic_string<char, std::char_traits<char>, std::allocator<char>> const&)"
904,4,48282,97.53151260504201,bson_iter_type@plt+0x0,CALL,0,,,,
905,4,48286,97.539592760181,mongoc_topology_select_server_id+0xfa,RET,0,,,,
906,4,48290,97.54767291531998,std::ios_base::ios_base()@plt+0x0,CALL,0,,,,
907,4,48294,97.55575307045895,redisvAppendCommand+0x22,RET,1,0x11c032,0x11c000,redisvAppendCommand,redisvAppendCommand
908,4,48298,97.56383322559793,mongoc_socket_sendv+0x110,COND,0,,,,
909,4,48302,97.57191338073692,mongoc_cmd_parts_append_opts@plt+0x0,CALL,0,,,,
910,4,48306,97.57999353587589,sw::redis::Connection::send(sw::redis::CmdArgs&)+0x0,CALL,1,0x12b4d0,0x12b4c0,_ZN2sw5redis10Connection4sendERNS0_7CmdArgsE,sw::redis::Connection::send(sw::redis::CmdArgs&)
911,4,48310,97.58807369101487,mongoc_cmd_parts_assemble+0x852,COND,0,,,,
912,4,48314,97.59615384615384,memmove@plt+0x0,CALL,0,,,,
913,4,48318,97.60423400129282,_mongoc_get_command_name+0x58,RET,0,,,,
914,4,48322,97.61231415643181,redisvFormatCommand+0x42a,UNCOND,1,0x11a00a,0x11a000,redisvFormatCommand,redisvFormatCommand
915,4,48326,97.62039431157078,sdsrange+0x175,COND,1,0x11e515,0x11e500,sdsrange,sdsrange
916,4,48330,97.62847446670976,sw::redis::SafeConnection::~SafeConnection()+0x328,UNCOND,0,,,,
917,4,48334,97.63655462184875,jaegertracing::SpanContext::fromStream(std::istream&)@plt+0x0,CALL,0,,,,
918,4,48338,97.64463477698771,apache::thrift::transport::TSocket::isOpen()+0x0,IND,0,,,,
919,4,48342,97.6527149321267,std::istream::get(char&)+0xb6,RET,0,,,,
920,4,48346,97.66079508726567,mongoc_cmd_parts_assemble+0x321,RET,0,,,,
921,4,48350,97.66887524240465,__libc_thread_freeres+0x0,IND,0,,,,
922,4,48354,97.67695539754364,jaegertracing::reporters::RemoteReporter::sweepQueue()+0x330,COND,0,,,,
923,4,48358,97.6850355526826,social_network::Post::read(apache::thrift::protocol::TProtocol*)+0x690,COND,1,0x99130,0x99100,_ZN14social_network4Post4readEPN6apache6thrift8protocol9TProtocolE,social_network::Post::read(apache::thrift::protocol::TProtocol*)
924,4,48362,97.69311570782159,jaegertracing::TraceID::fromStream(std::istream&)+0x143,UNCOND,0,,,,
925,4,48366,97.70119586296057,social_network::PostStorageService_ReadPosts_presult::read(apache::thrift::protocol::TProtocol*)+0xb6,RET,1,0xa0306,0xa0300,_ZN14social_network36PostStorageService_ReadPosts_presult4readEPN6apache6thrift8protocol9TProtocolE,social_network::PostStorageService_ReadPosts_presult::read(apache::thrift::protocol::TProtocol*)
926,4,48370,97.70927601809954,social_network::UserTimelineService_ReadUserTimeline_args::read(apache::thrift::protocol::TProtocol*)+0x3d1,COND,1,0x8db31,0x8db00,_ZN14social_network41UserTimelineService_ReadUserTimeline_args4readEPN6apache6thrift8protocol9TProtocolE,social_network::UserTimelineService_ReadUserTimeline_args::read(apache::thrift::protocol::TProtocol*)
927,4,48374,97.71735617323853,realloc+0xd5,COND,0,,,,
928,4,48378,97.7254363283775,strlen@plt+0x0,CALL,0,,,,
929,4,48382,97.73351648351648,sdsMakeRoomFor+0x97,COND,1,0x11c7f7,0x11c7c0,sdsMakeRoomFor,sdsMakeRoomFor
930,4,48386,97.74159663865547,poll+0x0,IND,0,,,,
931,4,48390,97.74967679379444,vfprintf+0xa91,UNCOND,0,,,,
932,4,48394,97.75775694893342,__madvise+0x0,IND,0,,,,
933,4,48398,97.7658371040724,redisNetWrite+0x70,IND,1,0x123330,0x123300,redisNetWrite,redisNetWrite
934,4,48402,97.77391725921137,vfprintf+0x135b,COND,0,,,,
935,4,48406,97.78199741435036,redisReaderGetReply+0x196,COND,1,0x122486,0x122480,redisReaderGetReply,redisReaderGetReply
936,4,48410,97.79007756948934,mongoc_server_description_handle_ismaster+0x6dd,COND,0,,,,
937,4,48414,97.79815772462831,mongoc_cluster_run_command_monitored+0x3af,RET,0,,,,
938,4,48418,97.8062378797673,redisvFormatCommand+0xb7,COND,1,0x119c97,0x119c80,redisvFormatCommand,redisvFormatCommand
939,4,48422,97.81431803490626,social_network::Post::read(apache::thrift::protocol::TProtocol*)+0x2c0,IND,1,0x98d60,0x98d40,_ZN14social_network4Post4readEPN6apache6thrift8protocol9TProtocolE,social_network::Post::read(apache::thrift::protocol::TProtocol*)
940,4,48426,97.82239819004525,_mongoc_stream_writev_full+0x91,COND,0,,,,
941,4,48430,97.83047834518423,start_thread+0x159,UNCOND,0,,,,
942,4,48434,97.8385585003232,vfprintf+0xb6b,COND,0,,,,
943,4,48438,97.84663865546219,sw::redis::ConnectionPool::fetch()+0x2240,COND,1,0x135310,0x135300,_ZN2sw5redis14ConnectionPool5fetchEv,sw::redis::ConnectionPool::fetch()
944,4,48442,97.85471881060117,jaegertracing::SpanContext::fromStream(std::istream&)+0x760,COND,0,,,,
945,4,48446,97.86279896574014,mongoc_collection_find_and_modify_with_opts+0x2c2,RET,0,,,,
946,4,48450,97.87087912087912,mongoc_cluster_run_opmsg+0x4a2,RET,0,,,,
947,4,48454,97.8789592760181,social_network::ServiceException::~ServiceException()+0x2f,COND,1,0x9537f,0x95340,_ZN14social_network16ServiceExceptionD2Ev,social_network::ServiceException::~ServiceException()
948,3,48457,97.88501939237233,__libc_recv+0xa5,COND,0,,,,
949,3,48460,97.89107950872656,mongoc_cmd_parts_assemble+0x2b7,RET,0,,,,
950,3,48463,97.8971396250808,_dl_deallocate_tls+0x20,COND,0,,,,
951,3,48466,97.90319974143503,_bson_grow+0x128,RET,0,,,,
952,3,48469,97.90925985778927,mongoc_server_description_handle_ismaster+0x91,RET,0,,,,
953,3,48472,97.9153199741435,apache::thrift::transport::TSocket::openConnection(addrinfo*)+0xb2,UNCOND,0,,,,
954,3,48475,97.92138009049773,jaegertracing::reporters::RemoteReporter::sweepQueue()+0x266,COND,0,,,,
955,3,48478,97.92744020685197,redisGetReply+0x80,COND,1,0x11bf00,0x11bf00,redisGetReply,redisGetReply
956,3,48481,97.9335003232062,__pthread_once_slow+0xb3,RET,0,,,,
957,3,48484,97.93956043956044,sw::redis::ConnectionPool::_fetch()+0x94,UNCOND,1,0x131fd4,0x131fc0,_ZN2sw5redis14ConnectionPool6_fetchEv,sw::redis::ConnectionPool::_fetch()
958,3,48487,97.94562055591467,__free_tcb+0x16f,COND,0,,,,
959,3,48490,97.9516806722689,processLineItem+0x86,COND,1,0x121b56,0x121b40,processLineItem,processLineItem
960,3,48493,97.95774078862314,mongoc_socket_sendv@plt+0x0,CALL,0,,,,
961,3,48496,97.96380090497738,redisvFormatCommand+0x648,RET,1,0x11a228,0x11a200,redisvFormatCommand,redisvFormatCommand
962,3,48499,97.96986102133161,createArrayObject+0x78,COND,1,0x119a08,0x119a00,createArrayObject,createArrayObject
963,3,48502,97.97592113768584,__vsprintf_chk+0x4b,RET,0,,,,
964,3,48505,97.98198125404008,strcmp@plt+0x0,CALL,0,,,,
965,3,48508,97.98804137039431,social_network::UserTimelineService_WriteUserTimeline_args::read(apache::thrift::protocol::TProtocol*)+0x1dd,RET,1,0x8c93d,0x8c900,_ZN14social_network42UserTimelineService_WriteUserTimeline_args4readEPN6apache6thrift8protocol9TProtocolE,social_network::UserTimelineService_WriteUserTimeline_args::read(apache::thrift::protocol::TProtocol*)
966,3,48511,97.99410148674855,sdscatlen+0xb0,IND,1,0x11d2a0,0x11d280,sdscatlen,sdscatlen
967,3,48514,98.00016160310278,jaegertracing::Span::~Span()+0x19a,RET,0,,,,
968,3,48517,98.00622171945702,__libc_calloc+0x28b,COND,0,,,,
969,3,48520,98.01228183581125,bson_iter_find_w_len+0x12,UNCOND,0,,,,
970,3,48523,98.01834195216549,mongoc_cluster_run_opmsg+0x300,COND,0,,,,
971,3,48526,98.02440206851972,pthread_create@@GLIBC_2.2.5+0x68a,COND,0,,,,
972,3,48529,98.03046218487395,mongoc_server_description_handle_ismaster+0xa7b,RET,0,,,,
973,3,48532,98.03652230122819,mongoc_read_prefs_copy+0x25,RET,0,,,,
974,3,48535,98.04258241758242,mongoc_find_and_modify_opts_set_update@plt+0x0,CALL,0,,,,
975,3,48538,98.04864253393666,apache::thrift::transport::TFramedTransport::flush()+0x37,RET,0,,,,
976,3,48541,98.05470265029089,mongoc_server_stream_new+0x2b,RET,0,,,,
977,3,48544,98.06076276664513,pthread_create@@GLIBC_2.2.5+0xb55,COND,0,,,,
978,3,48547,98.06682288299935,mongoc_cluster_stream_for_writes+0x2d,RET,0,,,,
979,3,48550,98.07288299935358,bcon_append_ctx_va+0xb4,UNCOND,0,,,,
980,3,48553,98.07894311570782,_Unwind_Find_FDE+0x0,IND,0,,,,
981,3,48556,98.08500323206205,redisvFormatCommand+0x250,RET,1,0x119e30,0x119e00,redisvFormatCommand,redisvFormatCommand
982,3,48559,98.09106334841628,social_network::Creator::read(apache::thrift::protocol::TProtocol*)+0x8f,RET,1,0x9763f,0x97600,_ZN14social_network7Creator4readEPN6apache6thrift8protocol9TProtocolE,social_network::Creator::read(apache::thrift::protocol::TProtocol*)
983,3,48562,98.09712346477052,redisvFormatCommand+0x1cd,UNCOND,1,0x119dad,0x119d80,redisvFormatCommand,redisvFormatCommand
984,3,48565,98.10318358112475,_mongoc_rpc_scatter+0x321,UNCOND,0,,,,
985,3,48568,98.10924369747899,isupper@plt+0x0,CALL,0,,,,
986,3,48571,98.11530381383322,sw::redis::ConnectionPool::_fetch()+0x688,COND,1,0x1325c8,0x1325c0,_ZN2sw5redis14ConnectionPool6_fetchEv,sw::redis::ConnectionPool::_fetch()
987,3,48574,98.12136393018746,pthread_cond_timedwait@@GLIBC_2.3.2+0x1a3,COND,0,,,,
988,3,48577,98.12742404654169,jaegertracing::SpanContext::fromStream(std::istream&)+0x39a,RET,0,,,,
989,3,48580,98.13348416289593,redisvFormatCommand+0x3cd,COND,1,0x119fad,0x119f80,redisvFormatCommand,redisvFormatCommand
990,3,48583,98.13954427925016,sdsnewlen+0x38,COND,1,0x11c408,0x11c400,sdsnewlen,sdsnewlen
991,3,48586,98.1456043956044,mongoc_cluster_run_opmsg+0x8a,RET,0,,,,
992,3,48589,98.15166451195863,redisReaderGetReply+0xca,UNCOND,1,0x1223ba,0x122380,redisReaderGetReply,redisReaderGetReply
993,3,48592,98.15772462831286,sdscatfmt+0x3b0,COND,1,0x11dcc0,0x11dcc0,sdscatfmt,sdscatfmt
994,3,48595,98.1637847446671,mongoc_cluster_run_command_monitored@plt+0x0,CALL,0,,,,
995,3,48598,98.16984486102133,__call_tls_dtors+0x0,IND,0,,,,
996,3,48601,98.17590497737557,mongoc_cmd_parts_init+0x7d,RET,0,,,,
997,3,48604,98.1819650937298,mmap64+0x0,IND,0,,,,
998,3,48607,98.18802521008404,mongoc_client_session_get_lsid+0x0,IND,0,,,,
999,3,48610,98.19408532643827,pthread_mutex_lock+0xc0,COND,0,,,,
1000,3,48613,98.2001454427925,jaegertracing::reporters::RemoteReporter::sweepQueue()+0x16be,COND,0,,,,
1001,3,48616,98.20620555914674,mongoc_topology_description_server_by_id+0x17,RET,0,,,,
1002,3,48619,98.21226567550097,bson_strdup@plt+0x0,CALL,0,,,,
1003,3,48622,98.21832579185521,bson_strdupv_printf@plt+0x0,CALL,0,,,,
1004,3,48625,98.22438590820944,jaegertracing::TraceID::fromStream(std::istream&)+0x33d,UNCOND,0,,,,
1005,3,48628,98.23044602456368,mongoc_cluster_run_opmsg+0x19f,RET,0,,,,
1006,3,48631,98.23650614091791,social_network::Post::read(apache::thrift::protocol::TProtocol*)+0x5f0,IND,1,0x99090,0x99080,_ZN14social_network4Post4readEPN6apache6thrift8protocol9TProtocolE,social_network::Post::read(apache::thrift::protocol::TProtocol*)
1007,3,48634,98.24256625727214,mongoc_topology_select_server_id+0x22d,UNCOND,0,,,,
1008,3,48637,98.24862637362638,sdscatfmt+0x208,UNCOND,1,0x11db18,0x11db00,sdscatfmt,sdscatfmt
1009,3,48640,98.25468648998061,social_network::Creator::read(apache::thrift::protocol::TProtocol*)+0xfc,RET,1,0x976ac,0x97680,_ZN14social_network7Creator4readEPN6apache6thrift8protocol9TProtocolE,social_network::Creator::read(apache::thrift::protocol::TProtocol*)
1010,3,48643,98.26074660633485,redisFormatSdsCommandArgv+0x18d,RET,1,0x11aa4d,0x11aa40,redisFormatSdsCommandArgv,redisFormatSdsCommandArgv
1011,3,48646,98.26680672268908,sw::redis::ConnectionPool::fetch()+0x1a50,UNCOND,1,0x134b20,0x134b00,_ZN2sw5redis14ConnectionPool5fetchEv,sw::redis::ConnectionPool::fetch()
1012,3,48649,98.2728668390433,_mongoc_client_session_in_txn@plt+0x0,CALL,0,,,,
1013,3,48652,98.27892695539754,vfprintf+0x280,COND,0,,,,
1014,3,48655,98.28498707175177,mongoc_read_prefs_new+0x23,RET,0,,,,
1015,3,48658,98.291047188106,redisvFormatCommand+0x4e0,COND,1,0x11a0c0,0x11a0c0,redisvFormatCommand,redisvFormatCommand
1016,3,48661,98.29710730446024,sw::redis::ConnectionPool::_fetch()+0x58e,COND,1,0x1324ce,0x1324c0,_ZN2sw5redis14ConnectionPool6_fetchEv,sw::redis::ConnectionPool::_fetch()
1017,3,48664,98.30316742081448,social_network::Url::read(apache::thrift::protocol::TProtocol*)+0x8f,RET,1,0x966af,0x96680,_ZN14social_network3Url4readEPN6apache6thrift8protocol9TProtocolE,social_network::Url::read(apache::thrift::protocol::TProtocol*)
1018,3,48667,98.30922753716871,std::ios_base::_M_call_callbacks(std::ios_base::event)+0x2c,COND,0,,,,
1019,3,48670,98.31528765352294,mongoc_collection_find_and_modify_with_opts+0x530,RET,0,,,,
1020,3,48673,98.32134776987718,std::locale::locale()@plt+0x0,CALL,0,,,,
1021,3,48676,98.32740788623141,bson_copy_to@plt+0x0,CALL,0,,,,
1022,3,48679,98.33346800258565,std::chrono::_V2::steady_clock::now()@plt+0x0,CALL,0,,,,
1023,3,48682,98.33952811893988,vfprintf+0xa02,UNCOND,0,,,,
1024,3,48685,98.34558823529412,redisReaderGetReply+0x2bd,RET,1,0x1225ad,0x122580,redisReaderGetReply,redisReaderGetReply
1025,3,48688,98.35164835164835,processLineItem+0x70,COND,1,0x121b40,0x121b40,processLineItem,processLineItem
1026,3,48691,98.35770846800258,mongoc_read_concern_destroy+0x0,IND,0,,,,
1027,3,48694,98.36376858435682,start_thread+0x35d,RET,0,,,,
1028,3,48697,98.36982870071105,_mongoc_stream_socket_readv+0x150,RET,0,,,,
1029,3,48700,98.37588881706529,_mongoc_stream_socket_readv+0xb1,COND,0,,,,
1030,3,48703,98.38194893341952,_mongoc_document_is_pipeline+0xf5,RET,0,,,,
1031,3,48706,98.38800904977376,sw::redis::ConnectionOptions::~ConnectionOptions()+0x0,CALL,1,0x55e90,0x55e80,_ZN2sw5redis17ConnectionOptionsD2Ev,sw::redis::ConnectionOptions::~ConnectionOptions()
1032,3,48709,98.39406916612799,_mongoc_client_session_handle_reply+0x118,COND,0,,,,
1033,3,48712,98.40012928248223,std::locale::locale()+0x13,RET,0,,,,
1034,3,48715,98.40618939883646,redisvFormatCommand+0x764,UNCOND,1,0x11a344,0x11a340,redisvFormatCommand,redisvFormatCommand
1035,3,48718,98.4122495151907,sdscatfmt+0x5a0,IND,1,0x11deb0,0x11de80,sdscatfmt,sdscatfmt
1036,3,48721,98.41830963154493,_mongoc_get_command_name+0x98,COND,0,,,,
1037,3,48724,98.42436974789916,mongoc_server_description_handle_ismaster+0x1a8,COND,0,,,,
1038,3,48727,98.4304298642534,std::mutex::lock()+0x13,RET,0,,,,
1039,3,48730,98.43648998060763,sw::redis::ConnectionPool::fetch()+0xe33,COND,1,0x133f03,0x133f00,_ZN2sw5redis14ConnectionPool5fetchEv,sw::redis::ConnectionPool::fetch()
1040,3,48733,98.44255009696187,sw::redis::ConnectionPool::fetch()+0xe4d,COND,1,0x133f1d,0x133f00,_ZN2sw5redis14ConnectionPool5fetchEv,sw::redis::ConnectionPool::fetch()
1041,3,48736,98.4486102133161,__vsnprintf_chk@plt+0x0,CALL,0,,,,
1042,3,48739,98.45467032967034,bson_sized_new+0x0,IND,0,,,,
1043,3,48742,98.46073044602457,_mongoc_document_is_pipeline+0xd3,UNCOND,0,,,,
1044,3,48745,98.4667905623788,__pthread_mutex_cond_lock+0x48,COND,0,,,,
1045,3,48748,98.47285067873302,createStringObject+0x0,IND_CALL,1,0x119a60,0x119a40,createStringObject,createStringObject
1046,3,48751,98.47891079508726,social_network::UserTimelineService_ReadUserTimeline_args::read(apache::thrift::protocol::TProtocol*)+0x80,UNCOND,1,0x8d7e0,0x8d7c0,_ZN14social_network41UserTimelineService_ReadUserTimeline_args4readEPN6apache6thrift8protocol9TProtocolE,social_network::UserTimelineService_ReadUserTimeline_args::read(apache::thrift::protocol::TProtocol*)
1047,3,48754,98.4849709114415,sw::redis::ConnectionPool::release(sw::redis::Connection)+0x3f4,UNCOND,1,0x130564,0x130540,_ZN2sw5redis14ConnectionPool7releaseENS0_10ConnectionE,sw::redis::ConnectionPool::release(sw::redis::Connection)
1048,3,48757,98.49103102779573,apache::thrift::transport::TFramedTransport::readEnd()+0x0,IND_CALL,0,,,,
1049,3,48760,98.49709114414996,_pthread_cleanup_pop+0x0,CALL,0,,,,
1050,3,48763,98.5031512605042,processLineItem+0x157,RET,1,0x121c27,0x121c00,processLineItem,processLineItem
1051,3,48766,98.50921137685843,mongoc_session_opts_get_causal_consistency@plt+0x0,CALL,0,,,,
1052,3,48769,98.51527149321267,mongoc_find_and_modify_opts_destroy+0x11,RET,0,,,,
1053,3,48772,98.5213316095669,_mongoc_write_concern_get_bson+0x36,RET,0,,,,
1054,3,48775,98.52739172592113,sdscat+0x0,CALL,1,0x11d320,0x11d300,sdscat,sdscat
1055,3,48778,98.53345184227537,redisGetReplyFromReader+0x14,RET,1,0x11be44,0x11be40,redisGetReplyFromReader,redisGetReplyFromReader
1056,3,48781,98.5395119586296,std::thread::join()+0x20,COND,0,,,,
1057,3,48784,98.54557207498384,sw::redis::SafeConnection::~SafeConnection()+0xb0,UNCOND,1,0x820b0,0x82080,_ZN2sw5redis14SafeConnectionD2Ev,sw::redis::SafeConnection::~SafeConnection()
1058,3,48787,98.55163219133807,start_thread+0xef,RET,0,,,,
1059,3,48790,98.5576923076923,redisvFormatCommand+0x158,COND,1,0x119d38,0x119d00,redisvFormatCommand,redisvFormatCommand
1060,3,48793,98.56375242404654,jaegertracing::Span::~Span()+0x183,COND,0,,,,
1061,3,48796,98.56981254040078,jaegertracing::reporters::RemoteReporter::sweepQueue()+0x355,RET,0,,,,
1062,3,48799,98.57587265675501,sw::redis::ConnectionPool::fetch()+0x18f0,COND,1,0x1349c0,0x1349c0,_ZN2sw5redis14ConnectionPool5fetchEv,sw::redis::ConnectionPool::fetch()
1063,3,48802,98.58193277310924,bson_iter_int32@plt+0x0,CALL,0,,,,
1064,3,48805,98.58799288946348,bson_bcone_magic@plt+0x0,CALL,0,,,,
1065,3,48808,98.59405300581771,vfprintf+0x1643,IND,0,,,,
1066,3,48811,98.60011312217195,bson_has_field+0xb0,COND,0,,,,
1067,3,48814,98.60617323852618,_mongoc_rpc_scatter@plt+0x0,CALL,0,,,,
1068,2,48816,98.61021331609567,mongoc_cmd_parts_assemble+0x2d5,RET,0,,,,
1069,2,48818,98.61425339366515,mongoc_cmd_parts_assemble+0x3b1,RET,0,,,,
1070,2,48820,98.61829347123465,sdscatlen+0x3b,UNCOND,1,0x11d22b,0x11d200,sdscatlen,sdscatlen
1071,2,48822,98.62233354880414,_mongoc_topology_start_background_scanner+0x6a,COND,0,,,,
1072,2,48824,98.62637362637362,social_network::UserTimelineService_WriteUserTimeline_args::read(apache::thrift::protocol::TProtocol*)+0xdf,UNCOND,1,0x8c83f,0x8c800,_ZN14social_network42UserTimelineService_WriteUserTimeline_args4readEPN6apache6thrift8protocol9TProtocolE,social_network::UserTimelineService_WriteUserTimeline_args::read(apache::thrift::protocol::TProtocol*)
1073,2,48826,98.63041370394312,mongoc_write_concern_new+0x2f,RET,0,,,,
1074,2,48828,98.6344537815126,string2ll+0xb6,UNCOND,1,0x121836,0x121800,string2ll,string2ll
1075,2,48830,98.63849385908209,_mongoc_server_session_timed_out+0x23,RET,0,,,,
1076,2,48832,98.64253393665159,jaegertracing::SpanContext::fromStream(std::istream&)+0x435,COND,0,,,,
1077,2,48834,98.64657401422107,redisvFormatCommand+0x11d,RET,1,0x119cfd,0x119cc0,redisvFormatCommand,redisvFormatCommand
1078,2,48836,98.65061409179056,std::ostream::sentry::sentry(std::ostream&)@plt+0x0,CALL,0,,,,
1079,2,48838,98.65465416936006,bson_iter_next+0x297,COND,0,,,,
1080,2,48840,98.65869424692954,bson_iter_next+0x2fd,COND,0,,,,
1081,2,48842,98.66273432449903,mongoc_cluster_stream_for_writes+0xaa,RET,0,,,,
1082,2,48844,98.66677440206853,_mongoc_topology_push_server_session+0x1d,RET,0,,,,
1083,2,48846,98.67081447963801,mongoc_server_description_handle_ismaster+0x100,UNCOND,0,,,,
1084,2,48848,98.6748545572075,createStringObject+0x2f,RET,1,0x119a8f,0x119a80,createStringObject,createStringObject
1085,2,48850,98.67889463477698,bson_iter_as_int64@plt+0x0,CALL,0,,,,
1086,2,48852,98.68293471234648,bson_iter_double@plt+0x0,CALL,0,,,,
1087,2,48854,98.68697478991596,bson_vsnprintf@plt+0x0,CALL,0,,,,
1088,2,48856,98.69101486748545,_mongoc_client_session_append_read_concern+0x85,RET,0,,,,
1089,2,48858,98.69505494505495,std::ios_base::_M_call_callbacks(std::ios_base::event)@plt+0x0,CALL,0,,,,
1090,2,48860,98.69909502262443,create_thread+0x0,CALL,0,,,,
1091,2,48862,98.70313510019392,mongoc_collection_find_and_modify_with_opts+0x1ac,RET,0,,,,
1092,2,48864,98.70717517776342,jaegertracing::Span::~Span()+0xf6,COND,0,,,,
1093,2,48866,98.7112152553329,sw::redis::ConnectionPool::fetch()+0x1cc1,UNCOND,1,0x134d91,0x134d80,_ZN2sw5redis14ConnectionPool5fetchEv,sw::redis::ConnectionPool::fetch()
1094,2,48868,98.71525533290239,mongoc_server_description_reset+0xe4,RET,0,,,,
1095,2,48870,98.71929541047189,redisBufferWrite+0xf5,RET,1,0x11bd05,0x11bd00,redisBufferWrite,redisBufferWrite
1096,2,48872,98.72333548804137,__vsprintf_chk+0x0,CALL,0,,,,
1097,2,48874,98.72737556561086,bson_iter_find@plt+0x0,CALL,0,,,,
1098,2,48876,98.73141564318036,apache::thrift::transport::TTransport::flush()+0x0,IND_CALL,0,,,,
1099,2,48878,98.73545572074984,_mongoc_stream_writev_full+0x55,RET,0,,,,
1100,2,48880,98.73949579831933,pthread_join@plt+0x0,CALL,0,,,,
1101,2,48882,98.74353587588881,mongoc_server_description_new_copy+0x130,COND,0,,,,
1102,2,48884,98.74757595345831,social_network::Post::read(apache::thrift::protocol::TProtocol*)+0x4b8,UNCOND,1,0x98f58,0x98f40,_ZN14social_network4Post4readEPN6apache6thrift8protocol9TProtocolE,social_network::Post::read(apache::thrift::protocol::TProtocol*)
1103,2,48886,98.7516160310278,bson_iter_find_w_len@plt+0x0,UNCOND,0,,,,
1104,2,48888,98.75565610859728,mongoc_find_and_modify_opts_set_update+0x21,RET,0,,,,
1105,2,48890,98.75969618616678,_mongoc_cmd_check_ok_no_wce+0xa5,COND,0,,,,
1106,2,48892,98.76373626373626,redisReaderGetReply+0x528,COND,1,0x122818,0x122800,redisReaderGetReply,redisReaderGetReply
1107,2,48894,98.76777634130575,bson_has_field+0x53,RET,0,,,,
1108,2,48896,98.77181641887525,_mongoc_topology_start_background_scanner+0x28,RET,0,,,,
1109,2,48898,98.77585649644473,jaegertracing::SpanContext::fromStream(std::istream&)+0xca0,COND,0,,,,
1110,2,48900,98.77989657401422,redisFormatSdsCommandArgv+0x1e9,RET,1,0x11aaa9,0x11aa80,redisFormatSdsCommandArgv,redisFormatSdsCommandArgv
1111,2,48902,98.78393665158372,bson_append_document_begin+0xab,COND,0,,,,
1112,2,48904,98.7879767291532,mongoc_read_concern_destroy+0x30,COND,0,,,,
1113,2,48906,98.79201680672269,mongoc_cluster_run_command_monitored+0x240,COND,0,,,,
1114,2,48908,98.79605688429218,__call_tls_dtors+0x5e,COND,0,,,,
1115,2,48910,98.80009696186167,redisBufferRead+0x50,RET,1,0x11bb90,0x11bb80,redisBufferRead,redisBufferRead
1116,2,48912,98.80413703943115,sdsrange+0x100,IND,1,0x11e4a0,0x11e480,sdsrange,sdsrange
1117,2,48914,98.80817711700065,bson_malloc0+0x17,RET,0,,,,
1118,2,48916,98.81221719457014,mongoc_server_description_handle_ismaster+0x230,COND,0,,,,
1119,2,48918,98.81625727213962,__pthread_once_slow+0x90,COND,0,,,,
1120,2,48920,98.82029734970911,jaegertracing::SpanContext::fromStream(std::istream&)+0x3b0,COND,0,,,,
1121,2,48922,98.8243374272786,jaegertracing::TraceID::fromStream(std::istream&)+0x80,UNCOND,0,,,,
1122,2,48924,98.82837750484809,sw::redis::ConnectionPool::fetch()+0xe9b,COND,1,0x133f6b,0x133f40,_ZN2sw5redis14ConnectionPool5fetchEv,sw::redis::ConnectionPool::fetch()
1123,2,48926,98.83241758241758,redisvFormatCommand+0x890,IND,1,0x11a470,0x11a440,redisvFormatCommand,redisvFormatCommand
1124,2,48928,98.83645765998708,social_network::PostStorageService_ReadPosts_presult::read(apache::thrift::protocol::TProtocol*)+0x122,RET,1,0xa0372,0xa0340,_ZN14social_network36PostStorageService_ReadPosts_presult4readEPN6apache6thrift8protocol9TProtocolE,social_network::PostStorageService_ReadPosts_presult::read(apache::thrift::protocol::TProtocol*)
1125,2,48930,98.84049773755656,_Unwind_GetLanguageSpecificData+0x0,IND,0,,,,
1126,2,48932,98.84453781512605,sw::redis::ConnectionOptions::~ConnectionOptions()+0x34,COND,1,0x55ec4,0x55ec0,_ZN2sw5redis17ConnectionOptionsD2Ev,sw::redis::ConnectionOptions::~ConnectionOptions()
1127,2,48934,98.84857789269554,apache::thrift::protocol::TCompactProtocolT<apache::thrift::transport::TTransport>::~TCompactProtocolT()+0x7a,RET,0,,,,
1128,2,48936,98.85261797026503,mongoc_cmd_parts_init+0x65,RET,0,,,,
1129,2,48938,98.85665804783451,bcon_new@plt+0x0,CALL,0,,,,
1130,2,48940,98.86069812540401,apache::thrift::transport::TSocket::openConnection(addrinfo*)+0x0,IND,0,,,,
1131,2,48942,98.8647382029735,freeReplyObject+0xa0,COND,1,0x119890,0x119880,freeReplyObject,freeReplyObject
1132,2,48944,98.86877828054298,redisReaderGetReply+0x180,COND,1,0x122470,0x122440,redisReaderGetReply,redisReaderGetReply
1133,2,48946,98.87281835811248,mongoc_cluster_run_opmsg+0x143,COND,0,,,,
1134,2,48948,98.87685843568197,sdscatfmt+0x65c,COND,1,0x11df6c,0x11df40,sdscatfmt,sdscatfmt
1135,2,48950,98.88089851325145,__tls_get_addr@plt+0x0,CALL,0,,,,
1136,2,48952,98.88493859082094,mongoc_client_session_destroy@plt+0x0,UNCOND,0,,,,
1137,2,48954,98.88897866839044,redisNetRead+0x16,RET,1,0x123206,0x123200,redisNetRead,redisNetRead
1138,2,48956,98.89301874595992,bcon_append_ctx_va+0x43d,UNCOND,0,,,,
1139,2,48958,98.8970588235294,mongoc_transaction_opts_set_read_concern+0x19,RET,0,,,,
1140,2,48960,98.9010989010989,sdscatvprintf+0xc8,RET,1,0x11d798,0x11d780,sdscatvprintf,sdscatvprintf
1141,2,48962,98.90513897866839,__libc_calloc+0xba,RET,0,,,,
1142,2,48964,98.90917905623787,_mongoc_cmd_check_ok+0xee,UNCOND,0,,,,
1143,2,48966,98.91321913380737,sdsMakeRoomFor+0x228,COND,1,0x11c988,0x11c980,sdsMakeRoomFor,sdsMakeRoomFor
1144,2,48968,98.91725921137686,mongoc_cmd_parts_cleanup+0x40,COND,0,,,,
1145,2,48970,98.92129928894634,social_network::Post::read(apache::thrift::protocol::TProtocol*)+0x0,IND_CALL,1,0x98aa0,0x98a80,_ZN14social_network4Post4readEPN6apache6thrift8protocol9TProtocolE,social_network::Post::read(apache::thrift::protocol::TProtocol*)
1146,2,48972,98.92533936651584,sw::redis::ConnectionPool::_fetch()+0x56e,COND,1,0x1324ae,0x132480,_ZN2sw5redis14ConnectionPool6_fetchEv,sw::redis::ConnectionPool::_fetch()
1147,2,48974,98.92937944408533,pthread_mutex_unlock+0x1a,COND,0,,,,
1148,2,48976,98.93341952165481,mongoc_cmd_parts_assemble+0x559,RET,0,,,,
1149,2,48978,98.93745959922431,_mongoc_rpc_scatter+0x7c4,COND,0,,,,
1150,2,48980,98.9414996767938,mongoc_cmd_parts_assemble+0xc10,COND,0,,,,
1151,2,48982,98.94553975436328,mongoc_client_pool_push+0x3f,RET,0,,,,
1152,2,48984,98.94957983193277,mongoc_stream_read@plt+0x0,CALL,0,,,,
1153,2,48986,98.95361990950227,poll+0x19,COND,0,,,,
1154,2,48988,98.95765998707175,social_network::Creator::read(apache::thrift::protocol::TProtocol*)+0xd0,COND,1,0x97680,0x97680,_ZN14social_network7Creator4readEPN6apache6thrift8protocol9TProtocolE,social_network::Creator::read(apache::thrift::protocol::TProtocol*)
1155,2,48990,98.96170006464124,bson_vsnprintf+0x2f,RET,0,,,,
1156,2,48992,98.96574014221073,jaegertracing::Span::~Span()+0x0,IND_CALL,0,,,,
1157,2,48994,98.96978021978022,apache::thrift::protocol::TCompactProtocolFactoryT<apache::thrift::transport::TTransport>::getProtocol(std::shared_ptr<apache::thrift::transport::TTransport>)+0x89,RET,0,,,,
1158,2,48996,98.9738202973497,createIntegerObject+0x5a,COND,1,0x1197ba,0x119780,createIntegerObject,createIntegerObject
1159,2,48998,98.9778603749192,social_network::UserTimelineService_ReadUserTimeline_args::read(apache::thrift::protocol::TProtocol*)+0x35d,RET,1,0x8dabd,0x8da80,_ZN14social_network41UserTimelineService_ReadUserTimeline_args4readEPN6apache6thrift8protocol9TProtocolE,social_network::UserTimelineService_ReadUserTimeline_args::read(apache::thrift::protocol::TProtocol*)
1160,2,49000,98.98190045248869,social_network::PostStorageService_ReadPosts_presult::read(apache::thrift::protocol::TProtocol*)+0x198,UNCOND,1,0xa03e8,0xa03c0,_ZN14social_network36PostStorageService_ReadPosts_presult4readEPN6apache6thrift8protocol9TProtocolE,social_network::PostStorageService_ReadPosts_presult::read(apache::thrift::protocol::TProtocol*)
1161,2,49002,98.98594053005817,redisReaderGetReply+0x20b,COND,1,0x1224fb,0x1224c0,redisReaderGetReply,redisReaderGetReply
1162,2,49004,98.98998060762767,mongoc_server_description_handle_ismaster+0x1f3,COND,0,,,,
1163,2,49006,98.99402068519716,social_network::UserTimelineService_ReadUserTimeline_args::read(apache::thrift::protocol::TProtocol*)+0x30d,UNCOND,1,0x8da6d,0x8da40,_ZN14social_network41UserTimelineService_ReadUserTimeline_args4readEPN6apache6thrift8protocol9TProtocolE,social_network::UserTimelineService_ReadUserTimeline_args::read(apache::thrift::protocol::TProtocol*)
1164,2,49008,98.99806076276664,redisvFormatCommand+0xf3,COND,1,0x119cd3,0x119cc0,redisvFormatCommand,redisvFormatCommand
1165,2,49010,99.00210084033614,mongoc_read_prefs_destroy+0x20,COND,0,,,,
1166,2,49012,99.00614091790563,_bson_append+0x12b,COND,0,,,,
1167,2,49014,99.01018099547511,mongoc_server_description_handle_ismaster+0x1eb,RET,0,,,,
1168,2,49016,99.01422107304461,bson_iter_next+0x332,COND,0,,,,
1169,2,49018,99.0182611506141,social_network::ServiceException::~ServiceException()+0x48,COND,1,0x95398,0x95380,_ZN14social_network16ServiceExceptionD2Ev,social_network::ServiceException::~ServiceException()
1170,2,49020,99.02230122818358,vfprintf+0x2168,UNCOND,0,,,,
1171,2,49022,99.02634130575306,mongoc_collection_find_and_modify_with_opts+0x2d6,RET,0,,,,
1172,2,49024,99.03038138332256,bson_iter_bool+0x18,COND,0,,,,
1173,2,49026,99.03442146089205,std::istream::get(char&)+0x73,UNCOND,0,,,,
1174,2,49028,99.03846153846153,mongoc_topology_server_timestamp+0x28,RET,0,,,,
1175,2,49030,99.04250161603103,pthread_create@@GLIBC_2.2.5+0xb6a,RET,0,,,,
1176,2,49032,99.04654169360052,_mongoc_stream_socket_writev+0x75,RET,0,,,,
1177,2,49034,99.05058177117,redisvFormatCommand+0x56f,COND,1,0x11a14f,0x11a140,redisvFormatCommand,redisvFormatCommand
1178,2,49036,99.0546218487395,mongoc_cmd_parts_assemble+0x2c6,UNCOND,0,,,,
1179,2,49038,99.05866192630899,mongoc_server_description_handle_ismaster+0xb91,RET,0,,,,
1180,2,49040,99.06270200387847,mongoc_client_pool_pop+0x6a,RET,0,,,,
1181,2,49042,99.06674208144797,pthread_mutex_trylock@plt+0x0,CALL,0,,,,
1182,2,49044,99.07078215901745,sw::redis::ConnectionPool::_fetch()+0xd1,UNCOND,1,0x132011,0x132000,_ZN2sw5redis14ConnectionPool6_fetchEv,sw::redis::ConnectionPool::_fetch()
1183,2,49046,99.07482223658694,social_network::PostStorageService_ReadPosts_presult::read(apache::thrift::protocol::TProtocol*)+0x9b,UNCOND,1,0xa02eb,0xa02c0,_ZN14social_network36PostStorageService_ReadPosts_presult4readEPN6apache6thrift8protocol9TProtocolE,social_network::PostStorageService_ReadPosts_presult::read(apache::thrift::protocol::TProtocol*)
1184,2,49048,99.07886231415644,sw::redis::ConnectionPool::_fetch()+0x532,COND,1,0x132472,0x132440,_ZN2sw5redis14ConnectionPool6_fetchEv,sw::redis::ConnectionPool::_fetch()
1185,2,49050,99.08290239172592,jaegertracing::thrift::Span::~Span()+0x112,COND,0,,,,
1186,2,49052,99.08694246929541,jaegertracing::SpanContext::fromStream(std::istream&)+0x6ec,COND,0,,,,
1187,2,49054,99.0909825468649,social_network::UserTimelineService_ReadUserTimeline_args::read(apache::thrift::protocol::TProtocol*)+0xbe,IND,1,0x8d81e,0x8d800,_ZN14social_network41UserTimelineService_ReadUserTimeline_args4readEPN6apache6thrift8protocol9TProtocolE,social_network::UserTimelineService_ReadUserTimeline_args::read(apache::thrift::protocol::TProtocol*)
1188,2,49056,99.09502262443439,jaegertracing::Span::~Span()+0x14b,COND,0,,,,
1189,2,49058,99.09906270200388,sw::redis::ConnectionPool::fetch()+0x1929,RET,1,0x1349f9,0x1349c0,_ZN2sw5redis14ConnectionPool5fetchEv,sw::redis::ConnectionPool::fetch()
1190,2,49060,99.10310277957336,_mongoc_cluster_create_server_stream+0x23,RET,0,,,,
1191,2,49062,99.10714285714286,social_network::Post::read(apache::thrift::protocol::TProtocol*)+0x5f,RET,1,0x98aff,0x98ac0,_ZN14social_network4Post4readEPN6apache6thrift8protocol9TProtocolE,social_network::Post::read(apache::thrift::protocol::TProtocol*)
1192,2,49064,99.11118293471235,_mongoc_topology_push_server_session+0x10b,RET,0,,,,
1193,2,49066,99.11522301228183,sw::redis::ConnectionPool::_fetch()+0x54a,COND,1,0x13248a,0x132480,_ZN2sw5redis14ConnectionPool6_fetchEv,sw::redis::ConnectionPool::_fetch()
1194,2,49068,99.11926308985133,mongoc_topology_description_update_cluster_time+0x4a,RET,0,,,,
1195,2,49070,99.12330316742081,processLineItem+0x173,RET,1,0x121c43,0x121c40,processLineItem,processLineItem
1196,2,49072,99.1273432449903,mongoc_stream_readv@plt+0x0,CALL,0,,,,
1197,2,49074,99.1313833225598,mongoc_topology_select_server_id+0xa0,UNCOND,0,,,,
1198,2,49076,99.13542340012928,jaegertracing::SpanContext::~SpanContext()+0x26,RET,1,0x69456,0x69440,_ZN13jaegertracing11SpanContextD2Ev,jaegertracing::SpanContext::~SpanContext()
1199,2,49078,99.13946347769877,bcon_append_ctx_va+0x123,COND,0,,,,
1200,2,49080,99.14350355526827,jaegertracing::SpanContext::fromStream(std::istream&)+0x810,COND,0,,,,
1201,2,49082,99.14754363283775,bson_iter_find_w_len+0x60,RET,0,,,,
1202,2,49084,99.15158371040724,bson_append_array_begin@plt+0x0,CALL,0,,,,
1203,2,49086,99.15562378797672,jaegertracing::TraceID::fromStream(std::istream&)@plt+0x0,CALL,0,,,,
1204,2,49088,99.15966386554622,jaegertracing::SpanContext::fromStream(std::istream&)+0x74a,RET,0,,,,
1205,2,49090,99.1637039431157,bson_iter_init@plt+0x0,CALL,0,,,,
1206,2,49092,99.16774402068519,mongoc_client_session_in_transaction+0x0,IND,0,,,,
1207,2,49094,99.17178409825469,jaegertracing::reporters::RemoteReporter::sweepQueue()+0x259,COND,0,,,,
1208,2,49096,99.17582417582418,mongoc_cluster_run_opmsg+0x169,RET,0,,,,
1209,2,49098,99.17986425339366,jaegertracing::reporters::RemoteReporter::sweepQueue()+0x7d,RET,0,,,,
1210,2,49100,99.18390433096316,redisvFormatCommand+0x390,IND,1,0x119f70,0x119f40,redisvFormatCommand,redisvFormatCommand
1211,2,49102,99.18794440853264,mongoc_set_rm@plt+0x0,UNCOND,0,,,,
1212,2,49104,99.19198448610213,bcon_append_ctx_va+0x2c6,RET,0,,,,
1213,2,49106,99.19602456367163,bson_has_field+0xc2,RET,0,,,,
1214,2,49108,99.20006464124111,mongoc_read_prefs_destroy@plt+0x0,CALL,0,,,,
1215,2,49110,99.2041047188106,social_network::Post::read(apache::thrift::protocol::TProtocol*)+0x9b,RET,1,0x98b3b,0x98b00,_ZN14social_network4Post4readEPN6apache6thrift8protocol9TProtocolE,social_network::Post::read(apache::thrift::protocol::TProtocol*)
1216,2,49112,99.2081447963801,jaegertracing::SpanContext::fromStream(std::istream&)+0x834,COND,0,,,,
1217,2,49114,99.21218487394958,mongoc_socket_recv+0xc0,COND,0,,,,
1218,2,49116,99.21622495151907,pthread_create@@GLIBC_2.2.5+0x48,RET,0,,,,
1219,2,49118,99.22026502908855,sdsMakeRoomFor+0x1b0,COND,1,0x11c910,0x11c900,sdsMakeRoomFor,sdsMakeRoomFor
1220,2,49120,99.22430510665805,mongoc_cmd_parts_append_opts+0xeb,UNCOND,0,,,,
1221,2,49122,99.22834518422754,social_network::UserTimelineService_WriteUserTimeline_args::read(apache::thrift::protocol::TProtocol*)+0x9b,RET,1,0x8c7fb,0x8c7c0,_ZN14social_network42UserTimelineService_WriteUserTimeline_args4readEPN6apache6thrift8protocol9TProtocolE,social_network::UserTimelineService_WriteUserTimeline_args::read(apache::thrift::protocol::TProtocol*)
1222,2,49124,99.23238526179702,_IO_fwrite+0x0,IND,0,,,,
1223,1,49125,99.23440530058177,__lll_lock_wait+0x15,COND,0,,,,
1224,1,49126,99.23642533936652,bson_get_monotonic_time@plt+0x0,CALL,0,,,,
1225,1,49127,99.23844537815125,__vsprintf_chk+0x84,RET,0,,,,
1226,1,49128,99.240465416936,apache::thrift::transport::TSocket::openConnection(addrinfo*)+0x6d,RET,0,,,,
1227,1,49129,99.24248545572075,_mongoc_get_command_name+0x4c,RET,0,,,,
1228,1,49130,99.24450549450549,_mongoc_cursor_find_new+0x0,IND,0,,,,
1229,1,49131,99.24652553329024,jaegertracing::TraceID::fromStream(std::istream&)+0xdc,RET,0,,,,
1230,1,49132,99.24854557207499,apache::thrift::server::TConnectedClient::run()+0x0,IND_CALL,0,,,,
1231,1,49133,99.25056561085972,jaegertracing::SpanContext::fromStream(std::istream&)+0x825,RET,0,,,,
1232,1,49134,99.25258564964447,sdscat+0x14,RET,1,0x11d334,0x11d300,sdscat,sdscat
1233,1,49135,99.25460568842922,std::runtime_error::~runtime_error()+0x0,IND,0,,,,
1234,1,49136,99.25662572721396,pthread_create@@GLIBC_2.2.5+0x913,RET,0,,,,
1235,1,49137,99.25864576599871,bson_append_document_end@plt+0x0,CALL,0,,,,
1236,1,49138,99.26066580478346,__libc_calloc+0x115,UNCOND,0,,,,
1237,1,49139,99.26268584356819,jaegertracing::SpanContext::fromStream(std::istream&)+0x7a6,UNCOND,0,,,,
1238,1,49140,99.26470588235294,jaegertracing::Span::~Span()+0x18c,RET,0,,,,
1239,1,49141,99.26672592113769,sdscatfmt+0x460,IND,1,0x11dd70,0x11dd40,sdscatfmt,sdscatfmt
1240,1,49142,99.26874595992243,mongoc_server_description_handle_ismaster+0x214,UNCOND,0,,,,
1241,1,49143,99.27076599870718,_mongoc_rpc_swab_from_le@plt+0x0,CALL,0,,,,
1242,1,49144,99.27278603749193,mongoc_collection_find_with_opts+0x0,IND,0,,,,
1243,1,49145,99.27480607627666,mongoc_find_and_modify_opts_new+0xb,RET,0,,,,
1244,1,49146,99.27682611506141,redisvFormatCommand+0x234,RET,1,0x119e14,0x119e00,redisvFormatCommand,redisvFormatCommand
1245,1,49147,99.27884615384616,bcon_append_ctx_va+0x2b0,COND,0,,,,
1246,1,49148,99.2808661926309,social_network::Post::~Post()+0x190,COND,0,,,,
1247,1,49149,99.28288623141565,__cxa_get_globals+0x0,IND,0,,,,
1248,1,49150,99.2849062702004,jaegertracing::thrift::SpanRef::__set_refType(jaegertracing::thrift::SpanRefType::type)@plt+0x0,CALL,0,,,,
1249,1,49151,99.28692630898513,redisvFormatCommand+0xab,UNCOND,1,0x119c8b,0x119c80,redisvFormatCommand,redisvFormatCommand
1250,1,49152,99.28894634776988,mongoc_cmd_is_compressible+0x8c,RET,0,,,,
1251,1,49153,99.29096638655462,jaegertracing::thrift::Span::__set_duration(long)@plt+0x0,CALL,0,,,,
1252,1,49154,99.29298642533936,social_network::UserMention::read(apache::thrift::protocol::TProtocol*)+0x8f,RET,1,0x96ebf,0x96e80,_ZN14social_network11UserMention4readEPN6apache6thrift8protocol9TProtocolE,social_network::UserMention::read(apache::thrift::protocol::TProtocol*)
1253,1,49155,99.29500646412411,__free_tcb+0x1c9,RET,0,,,,
1254,1,49156,99.29702650290885,social_network::Post::read(apache::thrift::protocol::TProtocol*)+0x34d,RET,1,0x98ded,0x98dc0,_ZN14social_network4Post4readEPN6apache6thrift8protocol9TProtocolE,social_network::Post::read(apache::thrift::protocol::TProtocol*)
1255,1,49157,99.2990465416936,__dcgettext+0x0,CALL,0,,,,
1256,1,49158,99.30106658047835,sw::redis::SafeConnection::~SafeConnection()+0x3fb,COND,0,,,,
1257,1,49159,99.30308661926308,mongoc_cluster_run_opmsg+0x452,RET,0,,,,
1258,1,49160,99.30510665804783,social_network::Post::~Post()+0xe6,COND,1,0x988f6,0x988c0,_ZN14social_network4PostD2Ev,social_network::Post::~Post()
1259,1,49161,99.30712669683258,bson_append_array_begin+0xe3,RET,0,,,,
1260,1,49162,99.30914673561732,mongoc_cmd_parts_append_opts+0x347,RET,0,,,,
1261,1,49163,99.31116677440207,mongoc_cmd_is_compressible+0x2d,RET,0,,,,
1262,1,49164,99.31318681318682,jaegertracing::SpanContext::fromStream(std::istream&)+0xb03,UNCOND,0,,,,
1263,1,49165,99.31520685197155,social_network::Post::~Post()+0x129,COND,1,0x98939,0x98900,_ZN14social_network4PostD2Ev,social_network::Post::~Post()
1264,1,49166,99.3172268907563,bson_sized_new@plt+0x0,CALL,0,,,,
1265,1,49167,99.31924692954105,_mongoc_buffer_fill@plt+0x0,CALL,0,,,,
1266,1,49168,99.32126696832579,bson_append_int32@plt+0x0,CALL,0,,,,
1267,1,49169,99.32328700711054,bson_iter_visit_all+0xb8b,COND,0,,,,
1268,1,49170,99.32530704589529,_mongoc_cursor_run_command+0x265,COND,0,,,,
1269,1,49171,99.32732708468002,sdscatfmt+0x580,UNCOND,1,0x11de90,0x11de80,sdscatfmt,sdscatfmt
1270,1,49172,99.32934712346477,_mongoc_client_session_txn_in_progress@plt+0x0,CALL,0,,,,
1271,1,49173,99.33136716224952,_mongoc_cursor_response_refresh+0x0,IND,0,,,,
1272,1,49174,99.33338720103426,bson_append_document+0x72,RET,0,,,,
1273,1,49175,99.335407239819,sdsrange+0x150,IND,1,0x11e4f0,0x11e4c0,sdsrange,sdsrange
1274,1,49176,99.33742727860376,sw::redis::ConnectionPool::fetch()+0xedf,COND,1,0x133faf,0x133f80,_ZN2sw5redis14ConnectionPool5fetchEv,sw::redis::ConnectionPool::fetch()
1275,1,49177,99.33944731738849,bson_strdup_printf@plt+0x0,CALL,0,,,,
1276,1,49178,99.34146735617324,mongoc_read_prefs_get_max_staleness_seconds+0x0,IND,0,,,,
1277,1,49179,99.34348739495799,social_network::Media::read(apache::thrift::protocol::TProtocol*)+0x8f,RET,1,0x95eaf,0x95e80,_ZN14social_network5Media4readEPN6apache6thrift8protocol9TProtocolE,social_network::Media::read(apache::thrift::protocol::TProtocol*)
1278,1,49180,99.34550743374272,sw::redis::ConnectionPool::release(sw::redis::Connection)+0x401,RET,1,0x130571,0x130540,_ZN2sw5redis14ConnectionPool7releaseENS0_10ConnectionE,sw::redis::ConnectionPool::release(sw::redis::Connection)
1279,1,49181,99.34752747252747,bson_append_int64@plt+0x0,CALL,0,,,,
1280,1,49182,99.34954751131222,__sprintf_chk+0x7d,RET,0,,,,
1281,1,49183,99.35156755009696,_mongoc_client_session_append_txn+0x170,IND,0,,,,
1282,1,49184,99.35358758888171,social_network::UserTimelineService_ReadUserTimeline_args::read(apache::thrift::protocol::TProtocol*)+0x3d8,COND,1,0x8db38,0x8db00,_ZN14social_network41UserTimelineService_ReadUserTimeline_args4readEPN6apache6thrift8protocol9TProtocolE,social_network::UserTimelineService_ReadUserTimeline_args::read(apache::thrift::protocol::TProtocol*)
1283,1,49185,99.35560762766644,mongoc_write_concern_is_valid@plt+0x0,CALL,0,,,,
1284,1,49186,99.3576276664512,jaegertracing::TraceID::fromStream(std::istream&)+0x148,UNCOND,0,,,,
1285,1,49187,99.35964770523594,redisvFormatCommand+0x977,UNCOND,1,0x11a557,0x11a540,redisvFormatCommand,redisvFormatCommand
1286,1,49188,99.36166774402068,mongoc_cursor_destroy+0xae,RET,0,,,,
1287,1,49189,99.36368778280543,pthread_cond_timedwait@@GLIBC_2.3.2+0xfa,COND,0,,,,
1288,1,49190,99.36570782159018,redisvFormatCommand+0x7ef,RET,1,0x11a3cf,0x11a3c0,redisvFormatCommand,redisvFormatCommand
1289,1,49191,99.36772786037491,_mongoc_cursor_run_command+0x560,COND,0,,,,
1290,1,49192,99.36974789915966,redisReaderGetReply+0x5a0,RET,1,0x122890,0x122880,redisReaderGetReply,redisReaderGetReply
1291,1,49193,99.37176793794441,sw::redis::ConnectionPool::_fetch()+0x227,UNCOND,1,0x132167,0x132140,_ZN2sw5redis14ConnectionPool6_fetchEv,sw::redis::ConnectionPool::_fetch()
1292,1,49194,99.37378797672915,mongoc_server_description_new_copy+0xc8,RET,0,,,,
1293,1,49195,99.3758080155139,apache::thrift::server::TServerFramework::serve()+0xc69,COND,0,,,,
1294,1,49196,99.37782805429865,_mongoc_document_is_pipeline+0xf0,COND,0,,,,
1295,1,49197,99.37984809308338,sdsull2str+0x10,COND,1,0x11d610,0x11d600,sdsull2str,sdsull2str
1296,1,49198,99.38186813186813,social_network::Post::~Post()+0xc1,COND,1,0x988d1,0x988c0,_ZN14social_network4PostD2Ev,social_network::Post::~Post()
1297,1,49199,99.38388817065288,_bson_append+0xfa,RET,0,,,,
1298,1,49200,99.38590820943762,apache::thrift::protocol::TCompactProtocolFactoryT<apache::thrift::transport::TTransport>::getProtocol(std::shared_ptr<apache::thrift::transport::TTransport>)+0x7a,RET,0,,,,
1299,1,49201,99.38792824822237,redisvFormatCommand+0x208,COND,1,0x119de8,0x119dc0,redisvFormatCommand,redisvFormatCommand
1300,1,49202,99.38994828700712,mongoc_write_concern_is_valid+0x13,RET,0,,,,
1301,1,49203,99.39196832579185,mongoc_server_description_reset+0x10f,RET,0,,,,
1302,1,49204,99.3939883645766,__lll_lock_wait+0x0,CALL,0,,,,
1303,1,49205,99.39600840336135,sw::redis::ConnectionPool::fetch()+0xec9,COND,1,0x133f99,0x133f80,_ZN2sw5redis14ConnectionPool5fetchEv,sw::redis::ConnectionPool::fetch()
1304,1,49206,99.39802844214609,social_network::ThriftClient<social_network::PostStorageServiceClient>::Connect()+0x0,IND_CALL,1,0x86110,0x86100,_ZN14social_network12ThriftClientINS_24PostStorageServiceClientEE7ConnectEv,social_network::ThriftClient<social_network::PostStorageServiceClient>::Connect()
1305,1,49207,99.40004848093083,jaegertracing::TraceID::fromStream(std::istream&)+0x3f7,RET,0,,,,
1306,1,49208,99.40206851971558,mongoc_collection_find_and_modify_with_opts+0x4e0,COND,0,,,,
1307,1,49209,99.40408855850032,redisGetReply+0x0,CALL,1,0x11be80,0x11be80,redisGetReply,redisGetReply
1308,1,49210,99.40610859728507,shutdown+0x0,IND,0,,,,
1309,1,49211,99.40812863606982,_mongoc_get_server_id_from_opts+0x0,IND,0,,,,
1310,1,49212,99.41014867485455,std::__future_base::_Result_base::_Result_base()@plt+0x0,CALL,0,,,,
1311,1,49213,99.4121687136393,mongoc_server_description_handle_ismaster+0x592,RET,0,,,,
1312,1,49214,99.41418875242405,mongoc_client_start_session+0x69,RET,0,,,,
1313,1,49215,99.41620879120879,mongoc_read_concern_copy+0x1e,RET,0,,,,
1314,1,49216,99.41822882999354,mongoc_session_opts_new@plt+0x0,CALL,0,,,,
1315,1,49217,99.42024886877829,mongoc_cmd_parts_assemble+0x57b,RET,0,,,,
1316,1,49218,99.42226890756302,social_network::Url::read(apache::thrift::protocol::TProtocol*)+0x0,IND_CALL,1,0x96620,0x96600,_ZN14social_network3Url4readEPN6apache6thrift8protocol9TProtocolE,social_network::Url::read(apache::thrift::protocol::TProtocol*)
1317,1,49219,99.42428894634777,jaegertracing::SpanContext::fromStream(std::istream&)+0x410,COND,0,,,,
1318,1,49220,99.42630898513251,jaegertracing::SpanContext::fromStream(std::istream&)+0x6d5,UNCOND,0,,,,
1319,1,49221,99.42832902391726,_IO_file_sync+0x3f,COND,0,,,,
1320,1,49222,99.430349062702,mongoc_client_start_session+0x55,RET,0,,,,
1321,1,49223,99.43236910148674,vfprintf+0x120,COND,0,,,,
1322,1,49224,99.43438914027149,std::istream::putback(char)@plt+0x0,CALL,0,,,,
1323,1,49225,99.43640917905624,bcon_append_ctx_va+0x11a,RET,0,,,,
1324,1,49226,99.43842921784098,redisvFormatCommand+0x7e3,UNCOND,1,0x11a3c3,0x11a3c0,redisvFormatCommand,redisvFormatCommand
1325,1,49227,99.44044925662573,__libc_calloc+0x179,UNCOND,0,,,,
1326,1,49228,99.44246929541048,_is_retryable_read+0x1f,COND,0,,,,
1327,1,49229,99.44448933419521,jaegertracing::SpanContext::swap(jaegertracing::SpanContext&)+0xf9,COND,1,0x6a6f9,0x6a6c0,_ZN13jaegertracing11SpanContext4swapERS0_,jaegertracing::SpanContext::swap(jaegertracing::SpanContext&)
1328,1,49230,99.44650937297996,sw::redis::SafeConnection::~SafeConnection()+0x5b0,COND,0,,,,
1329,1,49231,99.44852941176471,social_network::Post::~Post()+0x14e,COND,0,,,,
1330,1,49232,99.45054945054945,redisReaderGetReply+0x269,UNCOND,1,0x122559,0x122540,redisReaderGetReply,redisReaderGetReply
1331,1,49233,99.4525694893342,bson_append_document_begin+0x10b,COND,0,,,,
1332,1,49234,99.45458952811894,sdscatvprintf+0x37,RET,1,0x11d707,0x11d700,sdscatvprintf,sdscatvprintf
1333,1,49235,99.45660956690368,_Unwind_GetCFA+0x0,IND,0,,,,
1334,1,49236,99.45862960568843,std::ios_base::~ios_base()+0x21,RET,0,,,,
1335,1,49237,99.46064964447318,mongoc_cmd_parts_cleanup@plt+0x0,CALL,0,,,,
1336,1,49238,99.46266968325791,mongoc_cmd_parts_assemble+0x363,RET,0,,,,
1337,1,49239,99.46468972204266,social_network::Post::read(apache::thrift::protocol::TProtocol*)+0x668,COND,1,0x99108,0x99100,_ZN14social_network4Post4readEPN6apache6thrift8protocol9TProtocolE,social_network::Post::read(apache::thrift::protocol::TProtocol*)
1338,1,49240,99.46670976082741,_mongoc_collection_new+0xba,RET,0,,,,
1339,1,49241,99.46872979961215,_dl_allocate_tls_init+0x1b0,COND,0,,,,
1340,1,49242,99.4707498383969,_mongoc_cmd_check_ok_no_wce+0x70,RET,0,,,,
1341,1,49243,99.47276987718165,apache::thrift::transport::TSocket::openConnection(addrinfo*)+0x438,COND,0,,,,
1342,1,49244,99.47478991596638,redisvFormatCommand+0x8d0,IND,1,0x11a4b0,0x11a480,redisvFormatCommand,redisvFormatCommand
1343,1,49245,99.47680995475113,_mongoc_read_prefs_validate+0x0,IND,0,,,,
1344,1,49246,99.47882999353588,_dl_deallocate_tls+0x38,RET,0,,,,
1345,1,49247,99.48085003232062,apache::thrift::protocol::TProtocol::~TProtocol()+0xa8,COND,0,,,,
1346,1,49248,99.48287007110537,mongoc_set_get@plt+0x0,CALL,0,,,,
1347,1,49249,99.48489010989012,apache::thrift::server::TServerFramework::serve()+0x581,RET,0,,,,
1348,1,49250,99.48691014867485,mongoc_transaction_opts_set_write_concern+0x22,RET,0,,,,
1349,1,49251,99.4889301874596,_mongoc_client_session_new+0x79,RET,0,,,,
1350,1,49252,99.49095022624434,_bson_append.constprop.25+0x119,UNCOND,0,,,,
1351,1,49253,99.49297026502909,bson_append_document_begin+0x162,UNCOND,0,,,,
1352,1,49254,99.49499030381384,_mongoc_client_session_new+0x2d,RET,0,,,,
1353,1,49255,99.49701034259857,sdscatlen+0xe0,IND,1,0x11d2d0,0x11d2c0,sdscatlen,sdscatlen
1354,1,49256,99.49903038138332,_mongoc_topology_start_background_scanner+0x72,RET,0,,,,
1355,1,49257,99.50105042016807,_mongoc_cluster_stream_for_server+0xf0,UNCOND,0,,,,
1356,1,49258,99.5030704589528,bcon_append_ctx_va+0x4d1,UNCOND,0,,,,
1357,1,49259,99.50509049773756,mongoc_read_prefs_new+0x12,RET,0,,,,
1358,1,49260,99.5071105365223,mongoc_uri_get_options+0x0,IND,0,,,,
1359,1,49261,99.50913057530704,munmap+0x0,IND,0,,,,
1360,1,49262,99.51115061409179,jaegertracing::SpanContext::fromStream(std::istream&)+0x5bd,RET,0,,,,
1361,1,49263,99.51317065287654,bson_append_bool+0x80,RET,0,,,,
1362,1,49264,99.51519069166127,social_network::UserMention::read(apache::thrift::protocol::TProtocol*)+0xac,RET,1,0x96edc,0x96ec0,_ZN14social_network11UserMention4readEPN6apache6thrift8protocol9TProtocolE,social_network::UserMention::read(apache::thrift::protocol::TProtocol*)
1363,1,49265,99.51721073044602,social_network::UserTimelineService_WriteUserTimeline_args::read(apache::thrift::protocol::TProtocol*)+0x33e,COND,1,0x8ca9e,0x8ca80,_ZN14social_network42UserTimelineService_WriteUserTimeline_args4readEPN6apache6thrift8protocol9TProtocolE,social_network::UserTimelineService_WriteUserTimeline_args::read(apache::thrift::protocol::TProtocol*)
1364,1,49266,99.51923076923077,bson_append_utf8@plt+0x0,CALL,0,,,,
1365,1,49267,99.52125080801551,__errno_location@plt+0x0,CALL,0,,,,
1366,1,49268,99.52327084680026,__GI___libc_write+0x0,IND,0,,,,
1367,1,49269,99.52529088558501,mongoc_server_stream_new+0x46,RET,0,,,,
1368,1,49270,99.52731092436974,mongoc_collection_find_and_modify_with_opts+0x324,RET,0,,,,
1369,1,49271,99.5293309631545,mongoc_server_description_new_copy+0x150,RET,0,,,,
1370,1,49272,99.53135100193924,__pthread_once+0x10,COND,0,,,,
1371,1,49273,99.53337104072398,mongoc_server_description_handle_ismaster+0x17d,UNCOND,0,,,,
1372,1,49274,99.53539107950873,string2ll+0x14e,COND,0,,,,
1373,1,49275,99.53741111829348,mongoc_server_description_handle_ismaster+0x778,COND,0,,,,
1374,1,49276,99.53943115707821,mongoc_collection_find_and_modify_with_opts+0x22f,COND,0,,,,
1375,1,49277,99.54145119586296,mongoc_server_description_handle_ismaster+0x411,COND,0,,,,
1376,1,49278,99.54347123464771,_mongoc_cluster_create_server_stream+0x4c,RET,0,,,,
1377,1,49279,99.54549127343245,mongoc_cmd_parts_assemble@plt+0x0,CALL,0,,,,
1378,1,49280,99.5475113122172,bson_iter_visit_all+0x0,IND,0,,,,
1379,1,49281,99.54953135100195,sdscatfmt+0x356,IND,1,0x11dc66,0x11dc40,sdscatfmt,sdscatfmt
1380,1,49282,99.55155138978668,std::thread::join()@plt+0x0,IND,0,,,,
1381,1,49283,99.55357142857143,social_network::Post::read(apache::thrift::protocol::TProtocol*)+0x422,RET,1,0x98ec2,0x98ec0,_ZN14social_network4Post4readEPN6apache6thrift8protocol9TProtocolE,social_network::Post::read(apache::thrift::protocol::TProtocol*)
1382,1,49284,99.55559146735618,redisReaderGetReply+0x541,RET,1,0x122831,0x122800,redisReaderGetReply,redisReaderGetReply
1383,1,49285,99.55761150614092,redisReaderGetReply+0x1b0,COND,1,0x1224a0,0x122480,redisReaderGetReply,redisReaderGetReply
1384,1,49286,99.55963154492567,redisvFormatCommand+0x1b7,RET,1,0x119d97,0x119d80,redisvFormatCommand,redisvFormatCommand
1385,1,49287,99.5616515837104,_mongoc_rpc_gather+0x1fe,UNCOND,0,,,,
1386,1,49288,99.56367162249515,sw::redis::SafeConnection::~SafeConnection()+0x431,RET,0,,,,
1387,1,49289,99.5656916612799,start_thread+0xd8,RET,0,,,,
1388,1,49290,99.56771170006463,jaegertracing::UDPTransport::flush()+0x370,RET,0,,,,
1389,1,49291,99.56973173884938,redisReaderGetReply+0x717,IND,1,0x122a07,0x122a00,redisReaderGetReply,redisReaderGetReply
1390,1,49292,99.57175177763413,createIntegerObject+0x20,RET,1,0x119780,0x119780,createIntegerObject,createIntegerObject
1391,1,49293,99.57377181641887,_mongoc_document_is_pipeline+0x60,COND,0,,,,
1392,1,49294,99.57579185520362,mongoc_find_and_modify_opts_set_flags@plt+0x0,CALL,0,,,,
1393,1,49295,99.57781189398837,mongoc_collection_get_name@plt+0x0,CALL,0,,,,
1394,1,49296,99.5798319327731,mongoc_server_description_compressor_id+0x67,COND,0,,,,
1395,1,49297,99.58185197155785,mongoc_cmd_is_compressible+0x40,RET,0,,,,
1396,1,49298,99.5838720103426,mongoc_topology_description_select@plt+0x0,CALL,0,,,,
1397,1,49299,99.58589204912734,std::ios_base::_M_dispose_callbacks()@plt+0x0,CALL,0,,,,
1398,1,49300,99.58791208791209,_mongoc_array_append_vals@plt+0x0,CALL,0,,,,
1399,1,49301,99.58993212669684,social_network::Post::read(apache::thrift::protocol::TProtocol*)+0x1a0,UNCOND,1,0x98c40,0x98c40,_ZN14social_network4Post4readEPN6apache6thrift8protocol9TProtocolE,social_network::Post::read(apache::thrift::protocol::TProtocol*)
1400,1,49302,99.59195216548157,apache::thrift::server::TConnectedClient::cleanup()+0xc7,COND,0,,,,
1401,1,49303,99.59397220426632,std::unique_lock<std::mutex>::unlock()+0x21,RET,1,0x1391c1,0x1391c0,_ZNSt11unique_lockISt5mutexE6unlockEv,std::unique_lock<std::mutex>::unlock()
1402,1,49304,99.59599224305107,mongoc_cluster_stream_for_writes+0x6b,COND,0,,,,
1403,1,49305,99.5980122818358,bson_sized_new+0xc8,RET,0,,,,
1404,1,49306,99.60003232062056,mongoc_transaction_opts_set_write_concern+0x0,IND,0,,,,
1405,1,49307,99.6020523594053,jaegertracing::Span::~Span()+0x13e,COND,0,,,,
1406,1,49308,99.60407239819004,social_network::UserTimelineService_ReadUserTimeline_args::read(apache::thrift::protocol::TProtocol*)+0x1dd,RET,1,0x8d93d,0x8d900,_ZN14social_network41UserTimelineService_ReadUserTimeline_args4readEPN6apache6thrift8protocol9TProtocolE,social_network::UserTimelineService_ReadUserTimeline_args::read(apache::thrift::protocol::TProtocol*)
1407,1,49309,99.60609243697479,__pthread_once_slow+0xa9,RET,0,,,,
1408,1,49310,99.60811247575954,mongoc_stream_buffered_readv+0xce,RET,0,,,,
1409,1,49311,99.61013251454428,mongoc_transaction_opts_set_read_concern@plt+0x0,CALL,0,,,,
1410,1,49312,99.61215255332903,jaegertracing::reporters::RemoteReporter::sweepQueue()+0xd7b,COND,0,,,,
1411,1,49313,99.61417259211377,mongoc_read_prefs_copy+0x13,RET,0,,,,
1412,1,49314,99.61619263089851,sdscatvprintf+0xf6,COND,1,0x11d7c6,0x11d7c0,sdscatvprintf,sdscatvprintf
1413,1,49315,99.61821266968326,redisAppendCommand+0x94,RET,1,0x11c164,0x11c140,redisAppendCommand,redisAppendCommand
1414,1,49316,99.62023270846801,std::istream::get(char&)+0xa7,RET,0,,,,
1415,1,49317,99.62225274725274,mongoc_client_start_session+0x40,RET,0,,,,
1416,1,49318,99.6242727860375,bson_concat@plt+0x0,CALL,0,,,,
1417,1,49319,99.62629282482224,__strerror_r+0x0,CALL,0,,,,
1418,1,49320,99.62831286360698,jaegertracing::SpanContext::fromStream(std::istream&)+0x425,RET,0,,,,
1419,1,49321,99.63033290239173,bson_new_from_data+0x55,RET,0,,,,
1420,1,49322,99.63235294117646,__pthread_once_slow+0xa7,RET,0,,,,
1421,1,49323,99.63437297996121,sw::redis::ConnectionOptions::~ConnectionOptions()+0xa3,COND,1,0x55f33,0x55f00,_ZN2sw5redis17ConnectionOptionsD2Ev,sw::redis::ConnectionOptions::~ConnectionOptions()
1422,1,49324,99.63639301874596,apache::thrift::transport::TFramedTransportFactory::getTransport(std::shared_ptr<apache::thrift::transport::TTransport>)+0x0,IND_CALL,1,0x8be90,0x8be80,_ZN6apache6thrift9transport23TFramedTransportFactory12getTransportESt10shared_ptrINS1_10TTransportEE,apache::thrift::transport::TFramedTransportFactory::getTransport(std::shared_ptr<apache::thrift::transport::TTransport>)
1423,1,49325,99.6384130575307,social_network::UserMention::read(apache::thrift::protocol::TProtocol*)+0x11c,RET,1,0x96f4c,0x96f40,_ZN14social_network11UserMention4readEPN6apache6thrift8protocol9TProtocolE,social_network::UserMention::read(apache::thrift::protocol::TProtocol*)
1424,1,49326,99.64043309631545,social_network::Media::read(apache::thrift::protocol::TProtocol*)+0xd0,COND,1,0x95ef0,0x95ec0,_ZN14social_network5Media4readEPN6apache6thrift8protocol9TProtocolE,social_network::Media::read(apache::thrift::protocol::TProtocol*)
1425,1,49327,99.6424531351002,redisvFormatCommand+0xa0,COND,1,0x119c80,0x119c80,redisvFormatCommand,redisvFormatCommand
1426,1,49328,99.64447317388493,bson_copy_to_excluding_noinit_va+0x58,COND,0,,,,
1427,1,49329,99.64649321266968,mongoc_write_concern_destroy+0x30,COND,0,,,,
1428,1,49330,99.64851325145443,mongoc_server_description_handle_ismaster+0x7e,RET,0,,,,
1429,1,49331,99.65053329023917,social_network::UserTimelineService_ReadUserTimeline_args::read(apache::thrift::protocol::TProtocol*)+0xf0,IND,1,0x8d850,0x8d840,_ZN14social_network41UserTimelineService_ReadUserTimeline_args4readEPN6apache6thrift8protocol9TProtocolE,social_network::UserTimelineService_ReadUserTimeline_args::read(apache::thrift::protocol::TProtocol*)
1430,1,49332,99.65255332902392,bson_iter_next+0x178,COND,0,,,,
1431,1,49333,99.65457336780867,jaegertracing::Span::~Span()+0x163,RET,0,,,,
1432,1,49334,99.6565934065934,mongoc_find_and_modify_opts_new+0x1a,RET,0,,,,
1433,1,49335,99.65861344537815,mongoc_socket_recv+0xdc,RET,0,,,,
1434,1,49336,99.6606334841629,apache::thrift::transport::TFramedTransport::readFrame()+0xd0,COND,0,,,,
1435,1,49337,99.66265352294764,jaegertracing::reporters::RemoteReporter::sweepQueue()+0xeb0,RET,0,,,,
1436,1,49338,99.66467356173239,redisvFormatCommand+0x953,UNCOND,1,0x11a533,0x11a500,redisvFormatCommand,redisvFormatCommand
1437,1,49339,99.66669360051714,mongoc_server_description_handle_ismaster+0x37c,RET,0,,,,
1438,1,49340,99.66871363930187,jaegertracing::SpanContext::fromStream(std::istream&)+0xdc7,COND,0,,,,
1439,1,49341,99.67073367808662,mongoc_client_session_get_cluster_time+0x30,COND,0,,,,
1440,1,49342,99.67275371687137,__clone+0x69,COND,0,,,,
1441,1,49343,99.6747737556561,__gxx_personality_v0+0x0,IND,0,,,,
1442,1,49344,99.67679379444085,memchr+0x0,CALL,0,,,,
1443,1,49345,99.6788138332256,std::ios_base::~ios_base()+0x19,RET,0,,,,
1444,1,49346,99.68083387201034,apache::thrift::concurrency::PthreadThread::join()+0x0,IND_CALL,0,,,,
1445,1,49347,99.68285391079509,_mongoc_cluster_create_server_stream@plt+0x0,CALL,0,,,,
1446,1,49348,99.68487394957984,sw::redis::ConnectionOptions::~ConnectionOptions()+0x1c,COND,1,0x55eac,0x55e80,_ZN2sw5redis17ConnectionOptionsD2Ev,sw::redis::ConnectionOptions::~ConnectionOptions()
1447,1,49349,99.68689398836457,strchr@plt+0x0,CALL,0,,,,
1448,1,49350,99.68891402714932,jaegertracing::SpanContext::swap(jaegertracing::SpanContext&)@plt+0x0,CALL,1,0x6a600,0x6a600,_ZN13jaegertracing11SpanContext4swapERS0_,jaegertracing::SpanContext::swap(jaegertracing::SpanContext&)
1449,1,49351,99.69093406593407,social_network::Post::read(apache::thrift::protocol::TProtocol*)+0x3f4,UNCOND,1,0x98e94,0x98e80,_ZN14social_network4Post4readEPN6apache6thrift8protocol9TProtocolE,social_network::Post::read(apache::thrift::protocol::TProtocol*)
1450,1,49352,99.69295410471881,_mongoc_client_session_handle_reply+0x9f,RET,0,,,,
1451,1,49353,99.69497414350356,redisvFormatCommand+0x360,RET,1,0x119f40,0x119f40,redisvFormatCommand,redisvFormatCommand
1452,1,49354,99.6969941822883,mongoc_find_and_modify_opts_set_fields@plt+0x0,CALL,0,,,,
1453,1,49355,99.69901422107304,mongoc_read_prefs_copy@plt+0x0,CALL,0,,,,
1454,1,49356,99.70103425985779,mongoc_topology_select_server_id+0x72,RET,0,,,,
1455,1,49357,99.70305429864253,social_network::UserTimelineService_WriteUserTimeline_args::read(apache::thrift::protocol::TProtocol*)+0x80,UNCOND,1,0x8c7e0,0x8c7c0,_ZN14social_network42UserTimelineService_WriteUserTimeline_args4readEPN6apache6thrift8protocol9TProtocolE,social_network::UserTimelineService_WriteUserTimeline_args::read(apache::thrift::protocol::TProtocol*)
1456,1,49358,99.70507433742728,__tls_get_addr+0x38,COND,0,,,,
1457,1,49359,99.70709437621203,redisvFormatCommand+0x7be,RET,1,0x11a39e,0x11a380,redisvFormatCommand,redisvFormatCommand
1458,1,49360,99.70911441499676,bcon_append_ctx_va+0x280,COND,0,,,,
1459,1,49361,99.71113445378151,pthread_mutex_unlock+0x91,COND,0,,,,
1460,1,49362,99.71315449256626,redisvFormatCommand+0xb68,COND,1,0x11a748,0x11a740,redisvFormatCommand,redisvFormatCommand
1461,1,49363,99.715174531351,_mongoc_rpc_scatter+0x7d2,COND,0,,,,
1462,1,49364,99.71719457013575,__sprintf_chk+0x4c,COND,0,,,,
1463,1,49365,99.7192146089205,social_network::Post::read(apache::thrift::protocol::TProtocol*)+0xe4,UNCOND,1,0x98b84,0x98b80,_ZN14social_network4Post4readEPN6apache6thrift8protocol9TProtocolE,social_network::Post::read(apache::thrift::protocol::TProtocol*)
1464,1,49366,99.72123464770523,jaegertracing::metrics::NullCounter::inc(long)+0x0,IND_CALL,1,0x60a10,0x60a00,_ZN13jaegertracing7metrics11NullCounter3incEl,jaegertracing::metrics::NullCounter::inc(long)
1465,1,49367,99.72325468648998,mongoc_async_cmd_new+0x0,IND,0,,,,
1466,1,49368,99.72527472527473,bson_concat+0x42,COND,0,,,,
1467,1,49369,99.72729476405947,__once_proxy@plt+0x0,IND_CALL,0,,,,
1468,1,49370,99.72931480284421,__libc_send+0x48,COND,0,,,,
1469,1,49371,99.73133484162896,sdsMakeRoomFor+0x128,COND,1,0x11c888,0x11c880,sdsMakeRoomFor,sdsMakeRoomFor
1470,1,49372,99.7333548804137,redisBufferWrite+0x58,COND,1,0x11bc68,0x11bc40,redisBufferWrite,redisBufferWrite
1471,1,49373,99.73537491919845,mongoc_collection_find_and_modify_with_opts+0x121,RET,0,,,,
1472,1,49374,99.7373949579832,bson_append_document_begin@plt+0x0,CALL,0,,,,
1473,1,49375,99.73941499676793,sdscatfmt+0x5f7,UNCOND,1,0x11df07,0x11df00,sdscatfmt,sdscatfmt
1474,1,49376,99.74143503555268,vfprintf+0xb34,UNCOND,0,,,,
1475,1,49377,99.74345507433743,bson_malloc+0xf,RET,0,,,,
1476,1,49378,99.74547511312217,_Unwind_Resume+0x93,RET,0,,,,
1477,1,49379,99.74749515190692,jaegertracing::UDPTransport::flush()+0x0,IND_CALL,0,,,,
1478,1,49380,99.74951519069167,social_network::Post::~Post()+0xca,COND,1,0x988da,0x988c0,_ZN14social_network4PostD2Ev,social_network::Post::~Post()
1479,1,49381,99.7515352294764,redisGetReply+0x4d,COND,1,0x11becd,0x11bec0,redisGetReply,redisGetReply
1480,1,49382,99.75355526826115,social_network::UserTimelineService_ReadUserTimeline_args::read(apache::thrift::protocol::TProtocol*)+0x12e,RET,1,0x8d88e,0x8d880,_ZN14social_network41UserTimelineService_ReadUserTimeline_args4readEPN6apache6thrift8protocol9TProtocolE,social_network::UserTimelineService_ReadUserTimeline_args::read(apache::thrift::protocol::TProtocol*)
1481,1,49383,99.7555753070459,jaegertracing::thrift::Span::__set_traceIdLow(long)@plt+0x0,CALL,0,,,,
1482,1,49384,99.75759534583064,mongoc_topology_select_server_id+0x235,RET,0,,,,
1483,1,49385,99.75961538461539,mongoc_socket_recv+0x6a,RET,0,,,,
1484,1,49386,99.76163542340014,mongoc_collection_find_and_modify+0x82,RET,0,,,,
1485,1,49387,99.76365546218487,_mongoc_rpc_gather+0x400,UNCOND,0,,,,
1486,1,49388,99.76567550096962,__sprintf_chk@plt+0x0,CALL,0,,,,
1487,1,49389,99.76769553975436,jaegertracing::reporters::RemoteReporter::sweepQueue()+0x439,COND,0,,,,
1488,1,49390,99.7697155785391,mongoc_client_pool_pop+0x49,RET,0,,,,
1489,1,49391,99.77173561732386,realloc+0x99,COND,0,,,,
1490,1,49392,99.77375565610859,bson_new@plt+0x0,CALL,0,,,,
1491,1,49393,99.77577569489334,redisFormatSdsCommandArgv+0x2d6,UNCOND,1,0x11ab96,0x11ab80,redisFormatSdsCommandArgv,redisFormatSdsCommandArgv
1492,1,49394,99.77779573367809,mongoc_topology_description_select+0x64,UNCOND,0,,,,
1493,1,49395,99.77981577246283,_mongoc_stream_socket_readv+0x50,UNCOND,0,,,,
1494,1,49396,99.78183581124757,social_network::ServiceException::~ServiceException()+0x1d,COND,1,0x9536d,0x95340,_ZN14social_network16ServiceExceptionD2Ev,social_network::ServiceException::~ServiceException()
1495,1,49397,99.78385585003232,redisvFormatCommand+0x850,IND,1,0x11a430,0x11a400,redisvFormatCommand,redisvFormatCommand
1496,1,49398,99.78587588881706,bson_iter_next+0x306,COND,0,,,,
1497,1,49399,99.78789592760181,mongoc_read_concern_copy@plt+0x0,CALL,0,,,,
1498,1,49400,99.78991596638656,sw::redis::ConnectionPool::_fetch()+0x4ba,COND,1,0x1323fa,0x1323c0,_ZN2sw5redis14ConnectionPool6_fetchEv,sw::redis::ConnectionPool::_fetch()
1499,1,49401,99.7919360051713,bson_iter_init_find+0x28,RET,0,,,,
1500,1,49402,99.79395604395604,_dl_deallocate_tls+0x3c,COND,0,,,,
1501,1,49403,99.7959760827408,pthread_mutex_lock+0x90,UNCOND,0,,,,
1502,1,49404,99.79799612152553,sdscatfmt+0x66e,RET,1,0x11df7e,0x11df40,sdscatfmt,sdscatfmt
1503,1,49405,99.80001616031028,social_network::Post::read(apache::thrift::protocol::TProtocol*)+0x330,UNCOND,1,0x98dd0,0x98dc0,_ZN14social_network4Post4readEPN6apache6thrift8protocol9TProtocolE,social_network::Post::read(apache::thrift::protocol::TProtocol*)
1504,1,49406,99.80203619909503,mongoc_write_concern_copy@plt+0x0,CALL,0,,,,
1505,1,49407,99.80405623787976,bson_realloc_ctx+0x0,IND_CALL,0,,,,
1506,1,49408,99.80607627666451,mongoc_write_concern_destroy+0x15,RET,0,,,,
1507,1,49409,99.80809631544926,__pthread_rwlock_rdlock+0x0,IND_CALL,0,,,,
1508,1,49410,99.810116354234,bson_append_int32+0x41,RET,0,,,,
1509,1,49411,99.81213639301875,social_network::Url::read(apache::thrift::protocol::TProtocol*)+0x91,UNCOND,1,0x966b1,0x96680,_ZN14social_network3Url4readEPN6apache6thrift8protocol9TProtocolE,social_network::Url::read(apache::thrift::protocol::TProtocol*)
1510,1,49412,99.8141564318035,_mongoc_stream_socket_writev+0x38,RET,0,,,,
1511,1,49413,99.81617647058823,__vsnprintf_chk+0x88,RET,0,,,,
1512,1,49414,99.81819650937298,jaegertracing::thrift::Span::~Span()+0x1e0,COND,0,,,,
1513,1,49415,99.82021654815773,_mongoc_topology_pop_server_session+0x53,RET,0,,,,
1514,1,49416,99.82223658694247,std::thread::join()+0x27,RET,0,,,,
1515,1,49417,99.82425662572722,_mongoc_client_session_new+0x0,IND,0,,,,
1516,1,49418,99.82627666451197,sdsfree+0x20,COND,1,0x11c660,0x11c640,sdsfree,sdsfree
1517,1,49419,99.8282967032967,mongoc_server_description_handle_ismaster+0x3d0,COND,0,,,,
1518,1,49420,99.83031674208145,mongoc_cmd_parts_assemble+0x482,COND,0,,,,
1519,1,49421,99.83233678086619,bson_iter_as_bool+0x45,RET,0,,,,
1520,1,49422,99.83435681965094,redisReaderGetReply+0xa4,UNCOND,1,0x122394,0x122380,redisReaderGetReply,redisReaderGetReply
1521,1,49423,99.83637685843568,_Unwind_GetIPInfo+0x0,IND,0,,,,
1522,1,49424,99.83839689722042,bcon_append_ctx_va+0x387,COND,0,,,,
1523,1,49425,99.84041693600517,social_network::Creator::read(apache::thrift::protocol::TProtocol*)+0xf0,COND,1,0x976a0,0x97680,_ZN14social_network7Creator4readEPN6apache6thrift8protocol9TProtocolE,social_network::Creator::read(apache::thrift::protocol::TProtocol*)
1524,1,49426,99.84243697478992,redisReaderFeed+0x190,IND,1,0x122240,0x122240,redisReaderFeed,redisReaderFeed
1525,1,49427,99.84445701357465,mongoc_topology_compatible@plt+0x0,CALL,0,,,,
1526,1,49428,99.8464770523594,social_network::UserMention::read(apache::thrift::protocol::TProtocol*)+0x91,UNCOND,1,0x96ec1,0x96ec0,_ZN14social_network11UserMention4readEPN6apache6thrift8protocol9TProtocolE,social_network::UserMention::read(apache::thrift::protocol::TProtocol*)
1527,1,49429,99.84849709114415,_bson_append+0xe5,UNCOND,0,,,,
1528,1,49430,99.85051712992889,jaegertracing::SpanContext::fromStream(std::istream&)+0xb60,COND,0,,,,
1529,1,49431,99.85253716871364,_mongoc_client_session_handle_reply+0x5b,RET,0,,,,
1530,1,49432,99.85455720749839,mongoc_cluster_run_opmsg+0x37a,UNCOND,0,,,,
1531,1,49433,99.85657724628312,mongoc_client_start_session+0x16,RET,0,,,,
1532,1,49434,99.85859728506787,redisBufferWrite+0x17a,UNCOND,1,0x11bd8a,0x11bd80,redisBufferWrite,redisBufferWrite
1533,1,49435,99.86061732385262,mongoc_write_concern_get_journal@plt+0x0,CALL,0,,,,
1534,1,49436,99.86263736263736,apache::thrift::transport::TSocket::openConnection(addrinfo*)+0x420,COND,0,,,,
1535,1,49437,99.86465740142211,apache::thrift::server::TThreadedServer::TConnectedClientRunner::run()+0x70,COND,0,,,,
1536,1,49438,99.86667744020686,__res_ninit+0x0,CALL,0,,,,
1537,1,49439,99.86869747899159,__libc_fcntl+0x0,IND,0,,,,
1538,1,49440,99.87071751777634,pthread_join+0x65,RET,0,,,,
1539,1,49441,99.87273755656109,sdsull2str+0x13,UNCOND,1,0x11d613,0x11d600,sdsull2str,sdsull2str
1540,1,49442,99.87475759534583,sw::redis::SafeConnection::~SafeConnection()+0x428,UNCOND,0,,,,
1541,1,49443,99.87677763413058,_IO_do_write+0x0,UNCOND,0,,,,
1542,1,49444,99.87879767291533,redisNetWrite+0x48,RET,1,0x123308,0x123300,redisNetWrite,redisNetWrite
1543,1,49445,99.88081771170006,jaegertracing::reporters::RemoteReporter::sweepQueue()+0x2f7,COND,0,,,,
1544,1,49446,99.88283775048481,social_network::UserTimelineService_ReadUserTimeline_args::read(apache::thrift::protocol::TProtocol*)+0xeb,RET,1,0x8d84b,0x8d840,_ZN14social_network41UserTimelineService_ReadUserTimeline_args4readEPN6apache6thrift8protocol9TProtocolE,social_network::UserTimelineService_ReadUserTimeline_args::read(apache::thrift::protocol::TProtocol*)
1545,1,49447,99.88485778926956,mongoc_find_and_modify_opts_destroy@plt+0x0,CALL,0,,,,
1546,1,49448,99.8868778280543,bson_append_document_begin+0x190,RET,0,,,,
1547,1,49449,99.88889786683905,mongoc_server_description_reset@plt+0x0,CALL,0,,,,
1548,1,49450,99.8909179056238,social_network::Media::read(apache::thrift::protocol::TProtocol*)+0x91,UNCOND,1,0x95eb1,0x95e80,_ZN14social_network5Media4readEPN6apache6thrift8protocol9TProtocolE,social_network::Media::read(apache::thrift::protocol::TProtocol*)
1549,1,49451,99.89293794440853,bson_snprintf+0x94,RET,0,,,,
1550,1,49452,99.89495798319328,jaegertracing::thrift::Span::__set_spanId(long)@plt+0x0,CALL,0,,,,
1551,1,49453,99.89697802197803,mongoc_server_description_handle_ismaster+0x65c,COND,0,,,,
1552,1,49454,99.89899806076276,mongoc_cmd_parts_assemble+0x2a0,COND,0,,,,
1553,1,49455,99.90101809954751,_mongoc_topology_pop_server_session+0x1d,RET,0,,,,
1554,1,49456,99.90303813833225,redisBufferWrite+0x1e0,IND,1,0x11bdf0,0x11bdc0,redisBufferWrite,redisBufferWrite
1555,1,49457,99.905058177117,mongoc_server_description_update_rtt+0x3c,COND,0,,,,
1556,1,49458,99.90707821590175,jaegertracing::thrift::Span::~Span()+0x1b4,COND,0,,,,
1557,1,49459,99.90909825468648,sdscatfmt+0xb0,COND,1,0x11d9c0,0x11d9c0,sdscatfmt,sdscatfmt
1558,1,49460,99.91111829347123,jaegertracing::SpanContext::fromStream(std::istream&)+0x45f,RET,0,,,,
1559,1,49461,99.91313833225598,_mongoc_cluster_create_server_stream+0x31,RET,0,,,,
1560,1,49462,99.91515837104072,bcon_new+0xd9,RET,0,,,,
1561,1,49463,99.91717840982547,sdsnewlen+0x140,IND,1,0x11c510,0x11c500,sdsnewlen,sdsnewlen
1562,1,49464,99.91919844861022,social_network::UserTimelineService_ReadUserTimeline_args::read(apache::thrift::protocol::TProtocol*)+0x31d,RET,1,0x8da7d,0x8da40,_ZN14social_network41UserTimelineService_ReadUserTimeline_args4readEPN6apache6thrift8protocol9TProtocolE,social_network::UserTimelineService_ReadUserTimeline_args::read(apache::thrift::protocol::TProtocol*)
1563,1,49465,99.92121848739495,vfprintf+0x1746,COND,0,,,,
1564,1,49466,99.9232385261797,bson_malloc@plt+0x0,CALL,0,,,,
1565,1,49467,99.92525856496445,apache::thrift::protocol::TCompactProtocolT<apache::thrift::transport::TTransport>::~TCompactProtocolT()+0x21,RET,0,,,,
1566,1,49468,99.92727860374919,mongoc_transaction_opts_set_write_concern@plt+0x0,CALL,0,,,,
1567,1,49469,99.92929864253394,_dl_allocate_tls_init+0x140,RET,0,,,,
1568,1,49470,99.93131868131869,mongoc_error_has_label@plt+0x0,CALL,0,,,,
1569,1,49471,99.93333872010342,_mongoc_document_is_pipeline+0x44,RET,0,,,,
1570,1,49472,99.93535875888817,pthread_create@@GLIBC_2.2.5+0x32d,COND,0,,,,
1571,1,49473,99.93737879767292,sw::redis::ConnectionPool::_fetch()+0x502,COND,1,0x132442,0x132440,_ZN2sw5redis14ConnectionPool6_fetchEv,sw::redis::ConnectionPool::_fetch()
1572,1,49474,99.93939883645766,_dl_allocate_tls_init+0x14d,RET,0,,,,
1573,1,49475,99.9414188752424,jaegertracing::SpanContext::fromStream(std::istream&)+0x334,RET,0,,,,
1574,1,49476,99.94343891402715,mongoc_topology_server_timestamp+0x39,RET,0,,,,
1575,1,49477,99.94545895281189,__pthread_rwlock_unlock+0x40,COND,0,,,,
1576,1,49478,99.94747899159664,jaegertracing::reporters::RemoteReporter::sweepQueue()+0x1744,RET,0,,,,
1577,1,49479,99.94949903038139,_in_sharded_txn+0xe,RET,0,,,,
1578,1,49480,99.95151906916612,redisBufferWrite+0x93,UNCOND,1,0x11bca3,0x11bc80,redisBufferWrite,redisBufferWrite
1579,1,49481,99.95353910795087,__lll_lock_wait+0x1d,COND,0,,,,
1580,1,49482,99.95555914673562,social_network::Post::read(apache::thrift::protocol::TProtocol*)+0x120,IND,1,0x98bc0,0x98bc0,_ZN14social_network4Post4readEPN6apache6thrift8protocol9TProtocolE,social_network::Post::read(apache::thrift::protocol::TProtocol*)
1581,1,49483,99.95757918552036,bson_iter_as_int64+0x50,COND,0,,,,
1582,1,49484,99.95959922430511,pthread_create@plt+0x0,CALL,0,,,,
1583,1,49485,99.96161926308986,_mongoc_topology_push_server_session+0x100,COND,0,,,,
1584,1,49486,99.9636393018746,sdsnewlen+0xa8,UNCOND,1,0x11c478,0x11c440,sdsnewlen,sdsnewlen
1585,1,49487,99.96565934065934,sw::redis::Connection::send(sw::redis::CmdArgs&)+0x21,RET,1,0x12b4f1,0x12b4c0,_ZN2sw5redis10Connection4sendERNS0_7CmdArgsE,sw::redis::Connection::send(sw::redis::CmdArgs&)
1586,1,49488,99.96767937944408,apache::thrift::transport::TSocket::~TSocket()+0x0,IND,0,,,,
1587,1,49489,99.96969941822883,social_network::Post::~Post()+0x15f,RET,0,,,,
1588,1,49490,99.97171945701358,mongoc_collection_find_and_modify@plt+0x0,CALL,0,,,,
1589,1,49491,99.97373949579831,redisFormatSdsCommandArgv+0x1aa,RET,1,0x11aa6a,0x11aa40,redisFormatSdsCommandArgv,redisFormatSdsCommandArgv
1590,1,49492,99.97575953458306,social_network::Url::read(apache::thrift::protocol::TProtocol*)+0x83,UNCOND,1,0x966a3,0x96680,_ZN14social_network3Url4readEPN6apache6thrift8protocol9TProtocolE,social_network::Url::read(apache::thrift::protocol::TProtocol*)
1591,1,49493,99.97777957336781,pthread_create@@GLIBC_2.2.5+0x817,COND,0,,,,
1592,1,49494,99.97979961215255,jaegertracing::SpanContext::fromStream(std::istream&)+0x145,RET,0,,,,
1593,1,49495,99.9818196509373,social_network::UserTimelineService_WriteUserTimeline_args::read(apache::thrift::protocol::TProtocol*)+0xbe,IND,1,0x8c81e,0x8c800,_ZN14social_network42UserTimelineService_WriteUserTimeline_args4readEPN6apache6thrift8protocol9TProtocolE,social_network::UserTimelineService_WriteUserTimeline_args::read(apache::thrift::protocol::TProtocol*)
1594,1,49496,99.98383968972205,start_thread+0x3b,RET,0,,,,
1595,1,49497,99.98585972850678,sw::redis::Connection::recv()+0x23,RET,1,0x12b603,0x12b600,_ZN2sw5redis10Connection4recvEv,sw::redis::Connection::recv()
1596,1,49498,99.98787976729153,sw::redis::ConnectionPool::_fetch()+0x4d2,COND,1,0x132412,0x132400,_ZN2sw5redis14ConnectionPool6_fetchEv,sw::redis::ConnectionPool::_fetch()
1597,1,49499,99.98989980607628,mongoc_server_description_handle_ismaster+0x45a,COND,0,,,,
1598,1,49500,99.99191984486102,sdsrange+0x5b,UNCOND,1,0x11e3fb,0x11e3c0,sdsrange,sdsrange
1599,1,49501,99.99393988364577,pthread_cond_timedwait@plt+0x0,CALL,0,,,,
1600,1,49502,99.99595992243052,_bson_append+0x94,RET,0,,,,
1601,1,49503,99.99797996121525,apache::thrift::protocol::TCompactProtocolT<apache::thrift::transport::TTransport>::~TCompactProtocolT()+0x54,RET,0,,,,
1602,1,49504,100.0,mongoc_collection_find_and_modify_with_opts+0x1c7,RET,0,,,,
