rank,samples,cumulative_samples,cumulative_coverage_pct,raw_lbr0_to,branch_type,binary_resolved,addr,cacheline64,mangled,demangled
1,15101,15101,32.70809417574563,[unknown],COND,0,,,,
2,3337,18438,39.9358877168663,malloc+0x160,COND,0,,,,
3,1504,19942,43.19348480582209,pthread_mutex_lock+0x0,IND,0,,,,
4,1036,20978,45.437414715501745,cfree+0x0,IND,0,,,,
5,686,21664,46.92326019623557,cfree+0x73,RET,0,,,,
6,581,22245,48.181680348285646,pthread_mutex_unlock+0x32,COND,0,,,,
7,548,22793,49.36862396846369,std::ios_base::_M_init()+0x52,RET,0,,,,
8,496,23289,50.44293790205549,jaegertracing::thrift::Span::__set_duration(long)+0x0,IND,0,,,,
9,260,23549,51.006086334986676,__libc_calloc+0x0,IND_CALL,0,,,,
10,253,23802,51.55407307933895,malloc+0x0,IND,0,,,,
11,202,24004,51.991596092616255,apache::thrift::protocol::TCompactProtocolFactoryT<apache::thrift::transport::TTransport>::getProtocol(std::shared_ptr<apache::thrift::transport::TTransport>)+0x200,COND,0,,,,
12,201,24205,52.42695315038229,opentracing::v2::Tracer::Global()+0x3d,COND,0,,,,
13,195,24400,52.84931447508068,std::ostream::sentry::sentry(std::ostream&)+0x5a,COND,0,,,,
14,194,24594,53.2695098442678,sw::redis::ConnectionPool::fetch()+0x6d,COND,1,0x25cfd,0x25cc0,_ZN2sw5redis14ConnectionPool5fetchEv,sw::redis::ConnectionPool::fetch()
15,193,24787,53.68753925794364,jaegertracing::TraceID::fromStream(std::istream&)+0x0,IND,0,,,,
16,185,24972,54.08824102752929,bson_destroy+0x0,IND,0,,,,
17,182,25154,54.482444930581124,std::istream::get(char&)+0xb8,COND,0,,,,
18,171,25325,54.85282332300895,sdscatlen+0x0,CALL,0,,,,
19,166,25491,55.2123719378804,__dynamic_cast+0xc0,COND,0,,,,
20,165,25656,55.569754597240575,jaegertracing::SpanContext::swap(jaegertracing::SpanContext&)+0x146,COND,0,,,,
21,162,25818,55.92063939006693,pthread_getattr_default_np+0x0,CALL,0,,,,
22,161,25979,56.26935822738201,_mongoc_cluster_stream_for_optype+0x0,UNCOND,0,,,,
23,161,26140,56.61807706469709,__libc_calloc+0x1d2,COND,0,,,,
24,157,26297,56.95813207996708,apache::thrift::protocol::TCompactProtocolFactoryT<apache::thrift::transport::TTransport>::getProtocol(std::shared_ptr<apache::thrift::transport::TTransport>)+0xbe,COND,0,,,,
25,157,26454,57.29818709523706,malloc+0x36,UNCOND,0,,,,
26,156,26610,57.63607615499578,jaegertracing::reporters::RemoteReporter::sweepQueue()+0x3c,UNCOND,0,,,,
27,149,26759,57.95880352617557,jaegertracing::SpanContext::fromStream(std::istream&)+0x455,RET,0,,,,
28,149,26908,58.28153089735537,std::__future_base::_Async_state_commonV2::_M_complete_async()+0x6b,RET,0,,,,
29,148,27056,58.60209231302389,jaegertracing::thrift::SpanRef::~SpanRef()+0x0,IND,0,,,,
30,144,27200,58.913989906647316,std::istream::get(char&)+0x0,IND,0,,,,
31,140,27340,59.21722367822565,std::istream::get(char&)+0x5f,COND,0,,,,
32,128,27468,59.4944659836687,realloc+0x50,COND,0,,,,
33,125,27593,59.76521042257792,mongoc_set_get_item+0x0,IND,0,,,,
34,123,27716,60.031622950464595,bson_copy_to+0x0,IND,0,,,,
35,122,27838,60.29586952284,std::istream::putback(char)+0x0,IND,0,,,,
36,118,27956,60.55145227317031,mongoc_collection_find_and_modify_with_opts+0x0,IND,0,,,,
37,118,28074,60.80703502350062,vsnprintf+0x0,IND,0,,,,
38,115,28189,61.0561199072971,opentracing::v2::Tracer::Global()+0x0,IND,0,,,,
39,110,28299,61.29437501353722,std::ios_base::_M_init()+0x0,IND,0,,,,
40,107,28406,61.52613225324352,redisReaderGetReply+0x0,CALL,0,,,,
41,106,28512,61.75572353743854,__printf_fp+0x0,CALL,0,,,,
42,106,28618,61.985314821633565,__tls_get_addr+0x0,IND,0,,,,
43,105,28723,62.21274015031731,_mongoc_queue_pop_head+0x0,IND,0,,,,
44,100,28823,62.42933570144469,mongoc_cmd_parts_init+0x0,IND,0,,,,
45,99,28922,62.643765297060796,std::chrono::_V2::steady_clock::now()+0x25,RET,0,,,,
46,98,29020,62.85602893716563,malloc+0x99,RET,0,,,,
47,97,29117,63.06612662175919,sw::redis::ConnectionPool::fetch()+0x345,COND,1,0x25fd5,0x25fc0,_ZN2sw5redis14ConnectionPool5fetchEv,sw::redis::ConnectionPool::fetch()
48,96,29213,63.27405835084147,pthread_cond_clockwait+0x1fd,RET,0,,,,
49,94,29307,63.47765816890121,apache::thrift::transport::TFramedTransport::readEnd()+0x50,COND,0,,,,
50,94,29401,63.68125798696095,mongoc_cluster_stream_for_writes+0x0,IND,0,,,,
51,93,29494,63.88269184950941,pthread_mutex_unlock+0x0,IND,0,,,,
52,93,29587,64.08412571205787,bcon_new+0x0,IND,0,,,,
53,92,29679,64.28339361909507,pthread_create+0x287,RET,0,,,,
54,91,29770,64.48049557062097,mongoc_cluster_run_command_monitored+0x0,IND,0,,,,
55,91,29861,64.6775975221469,_dl_allocate_tls_init+0xa0,COND,0,,,,
56,91,29952,64.8746994736728,pthread_mutex_trylock+0x0,IND,0,,,,
57,89,30041,65.06746951417618,bson_iter_init_find+0x0,IND,0,,,,
58,89,30130,65.26023955467954,_bson_iter_next_internal+0xb0,COND,0,,,,
59,88,30218,65.45084363967165,apache::thrift::protocol::TProtocol::~TProtocol()+0x0,IND,0,,,,
60,87,30305,65.63928176915246,__dynamic_cast+0x0,IND,0,,,,
61,87,30392,65.82771989863328,pthread_create+0x0,IND,0,,,,
62,84,30476,66.00966016158029,apache::thrift::protocol::TProtocolDefaults::TProtocolDefaults(std::shared_ptr<apache::thrift::transport::TTransport>)+0xcf,UNCOND,0,,,,
63,84,30560,66.19160042452728,sw::redis::SafeConnection::~SafeConnection()+0xcb,COND,1,0x36f9b,0x36f80,_ZN2sw5redis14SafeConnectionD2Ev,sw::redis::SafeConnection::~SafeConnection()
64,83,30643,66.371374731963,__errno_location+0x0,IND,0,,,,
65,82,30725,66.54898308388746,memcpy@plt+0x0,CALL,0,,,,
66,81,30806,66.72442548030064,jaegertracing::SpanContext::fromStream(std::istream&)+0x0,IND,0,,,,
67,80,30886,66.89770192120254,bson_iter_as_int64+0x0,IND,0,,,,
68,79,30965,67.06881240659317,jaegertracing::thrift::Span::__set_parentSpanId(long)+0x0,IND,0,,,,
69,79,31044,67.2399228919838,_IO_setb+0x0,CALL,0,,,,
70,79,31123,67.41103337737442,mongoc_topology_description_select+0x0,IND,0,,,,
71,78,31201,67.57997790725379,mongoc_cmd_parts_append_opts+0x2a1,COND,0,,,,
72,77,31278,67.74675648162187,realloc+0x122,RET,0,,,,
73,77,31355,67.91353505598995,mongoc_stream_writev+0x0,IND,0,,,,
74,77,31432,68.08031363035803,_mongoc_topology_pop_server_session+0x1e,RET,0,,,,
75,75,31507,68.24276029370357,apache::thrift::server::TConnectedClient::run()+0x290,COND,0,,,,
76,74,31581,68.40304100153783,pthread_create+0x134,RET,0,,,,
77,74,31655,68.56332170937209,jaegertracing::thrift::SpanRef::__set_spanId(long)+0x0,IND,0,,,,
78,74,31729,68.72360241720635,_bson_append+0x0,CALL,0,,,,
79,74,31803,68.88388312504061,__clone+0x0,CALL,0,,,,
80,74,31877,69.04416383287487,std::__future_base::_Async_state_commonV2::_M_complete_async()+0x0,IND_CALL,0,,,,
81,72,31949,69.20011262968659,rand_r+0x0,IND,0,,,,
82,72,32021,69.3560614264983,mongoc_cluster_run_opmsg+0x0,CALL,0,,,,
83,72,32093,69.51201022331001,std::__future_base::_Result_base::_Result_base()+0x0,IND,0,,,,
84,72,32165,69.66795902012173,pthread_once+0x0,IND,0,,,,
85,70,32235,69.8195759059109,_mongoc_topology_pop_server_session+0x0,IND,0,,,,
86,69,32304,69.96902683618879,strtoumax+0x0,IND,0,,,,
87,69,32373,70.11847776646668,pthread_mutex_trylock+0x46,UNCOND,0,,,,
88,67,32440,70.26359678572202,std::ios_base::ios_base()+0x0,IND,0,,,,
89,66,32506,70.40654984946609,clock_gettime+0x0,IND,0,,,,
90,65,32571,70.54733695769889,redisReaderGetReply+0xe2,COND,0,,,,
91,65,32636,70.68812406593169,jaegertracing::SpanContext::fromStream(std::istream&)+0x4a2,RET,0,,,,
92,64,32700,70.82674521865322,jaegertracing::metrics::NullCounter::inc(long)+0x0,IND_CALL,0,,,,
93,63,32763,70.96320041586345,mongoc_set_get+0x0,IND,0,,,,
94,62,32825,71.09748965756243,pthread_create+0x160,COND,0,,,,
95,62,32887,71.23177889926141,_bcon_append_tokenize+0x403,COND,0,,,,
96,61,32948,71.3639021854491,mongoc_stream_read+0x0,IND,0,,,,
97,60,33008,71.49385951612554,mongoc_cluster_run_opmsg+0x238,RET,0,,,,
98,60,33068,71.62381684680197,mongoc_find_and_modify_opts_new+0x0,IND,0,,,,
99,60,33128,71.75377417747839,createIntegerObject+0x0,IND_CALL,0,,,,
100,60,33188,71.88373150815482,mongoc_socket_sendv+0xad,UNCOND,0,,,,
101,60,33248,72.01368883883126,mongoc_socket_errno+0x0,IND,0,,,,
102,59,33307,72.1414802139964,bson_strdupv_printf+0x0,IND,0,,,,
103,59,33366,72.26927158916156,apache::thrift::protocol::TProtocolFactory::~TProtocolFactory()+0x0,IND,0,,,,
104,58,33424,72.39489700881543,jaegertracing::SpanContext::swap(jaegertracing::SpanContext&)+0x0,IND,0,,,,
105,58,33482,72.52052242846932,std::__detail::_List_node_base::_M_hook(std::__detail::_List_node_base*)+0x0,IND,0,,,,
106,57,33539,72.64398189261192,bson_malloc0+0x0,IND,0,,,,
107,56,33595,72.76527540124326,mongoc_write_concern_copy+0x0,IND,0,,,,
108,56,33651,72.8865689098746,mongoc_topology_scanner_valid+0x0,IND,0,,,,
109,56,33707,73.00786241850592,_mongoc_buffer_fill+0xd1,RET,0,,,,
110,55,33762,73.12698997162599,mongoc_collection_find_and_modify+0x0,IND,0,,,,
111,55,33817,73.24611752474604,pthread_create+0x1f8,UNCOND,0,,,,
112,54,33871,73.36307912235483,_bcon_append_tokenize+0x0,CALL,0,,,,
113,54,33925,73.48004071996361,redisReaderGetReply+0x19d,COND,0,,,,
114,54,33979,73.5970023175724,std::ostream::sentry::sentry(std::ostream&)+0x0,IND,0,,,,
115,54,34033,73.71396391518118,_bson_grow+0x0,CALL,0,,,,
116,53,34086,73.82875955727869,_mongoc_stream_socket_readv+0x0,IND_CALL,0,,,,
117,53,34139,73.9435551993762,__libc_alloca_cutoff+0x0,CALL,0,,,,
118,52,34191,74.05618488596244,_bson_iter_next_internal+0x44,COND,0,,,,
119,52,34243,74.16881457254868,_mongoc_client_session_in_txn+0x11,COND,0,,,,
120,52,34295,74.28144425913491,bson_get_data+0x0,IND,0,,,,
121,52,34347,74.39407394572116,_IO_default_xsputn+0x0,IND_CALL,0,,,,
122,51,34398,74.50453767679612,bson_copy+0x0,IND,0,,,,
123,51,34449,74.61500140787108,mongoc_server_description_reset+0x0,IND,0,,,,
124,51,34500,74.72546513894605,sw::redis::ConnectionPool::release(sw::redis::Connection)+0x84,COND,1,0x26694,0x26680,_ZN2sw5redis14ConnectionPool7releaseENS0_10ConnectionE,sw::redis::ConnectionPool::release(sw::redis::Connection)
125,51,34551,74.83592887002101,jaegertracing::Span::~Span()+0x84,COND,0,,,,
126,51,34602,74.94639260109598,mongoc_stream_buffered_writev+0x0,IND,0,,,,
127,51,34653,75.05685633217094,apache::thrift::transport::TFramedTransport::flush()+0x0,IND_CALL,0,,,,
128,50,34703,75.16515410773462,redisReaderGetReply+0xa1b,COND,0,,,,
129,50,34753,75.27345188329832,std::locale::locale()+0x79,COND,0,,,,
130,50,34803,75.381749658862,bson_strdup+0x0,IND,0,,,,
131,49,34852,75.48788147891442,bson_has_field+0x0,IND,0,,,,
132,49,34901,75.59401329896684,_bcon_append_tokenize+0x17,COND,0,,,,
133,49,34950,75.70014511901925,std::exception::~exception()+0x0,IND,0,,,,
134,48,34998,75.80411098356039,recv+0x4c,RET,0,,,,
135,48,35046,75.90807684810154,__once_proxy+0x18,RET,0,,,,
136,48,35094,76.01204271264268,mongoc_topology_select_server_id+0x0,IND,0,,,,
137,47,35141,76.11384262167255,_mongoc_get_command_name+0x0,IND,0,,,,
138,47,35188,76.21564253070243,bson_iter_next+0x0,IND,0,,,,
139,47,35235,76.31744243973229,apache::thrift::transport::TFramedTransport::readFrame()+0x89,COND,0,,,,
140,47,35282,76.41924234876215,malloc+0x57,COND,0,,,,
141,47,35329,76.52104225779202,redisGetReply+0x0,CALL,0,,,,
142,47,35376,76.6228421668219,redisFormatSdsCommandArgv+0x0,CALL,0,,,,
143,47,35423,76.72464207585176,_mongoc_socket_wait+0x0,CALL,0,,,,
144,47,35470,76.82644198488163,std::locale::~locale()+0x2c,COND,0,,,,
145,46,35516,76.92607593840023,_mongoc_topology_scanner_set_cluster_time+0x0,IND,0,,,,
146,46,35562,77.02570989191882,mongoc_server_stream_new+0x0,IND,0,,,,
147,46,35608,77.12534384543741,bson_copy_to+0xe9,COND,0,,,,
148,46,35654,77.224977798956,mongoc_socket_sendv+0x0,IND,0,,,,
149,46,35700,77.32461175247461,bson_iter_as_bool+0x0,IND,0,,,,
150,45,35745,77.42207975048193,bson_init+0x0,IND,0,,,,
151,45,35790,77.51954774848925,_mongoc_cluster_stream_for_server+0x0,IND,0,,,,
152,44,35834,77.61484979098529,_mongoc_buffer_fill+0x0,IND,0,,,,
153,44,35878,77.71015183348133,social_network::UserTimelineService_WriteUserTimeline_args::read(apache::thrift::protocol::TProtocol*)+0x2da,COND,0,,,,
154,44,35922,77.80545387597739,mongoc_cmd_parts_append_opts+0x0,IND,0,,,,
155,44,35966,77.90075591847344,mongoc_topology_compatible+0x0,IND,0,,,,
156,44,36010,77.99605796096948,_mongoc_client_session_txn_in_progress+0x0,IND,0,,,,
157,44,36054,78.09136000346552,redisReaderGetReply+0x135,COND,0,,,,
158,44,36098,78.18666204596157,pthread_create@plt+0x0,CALL,0,,,,
159,44,36142,78.28196408845763,redisAppendCommand+0x0,CALL,0,,,,
160,43,36185,78.3751001754424,bson_snprintf+0x0,IND,0,,,,
161,43,36228,78.46823626242717,pthread_cond_clockwait+0x0,IND,0,,,,
162,43,36271,78.56137234941194,_mongoc_rpc_scatter+0x4bb,COND,0,,,,
163,42,36313,78.65234248088544,bson_append_int64+0x0,IND,0,,,,
164,42,36355,78.74331261235895,bson_iter_type+0x0,IND,0,,,,
165,42,36397,78.83428274383245,redisGetReply+0xc7,RET,0,,,,
166,42,36439,78.92525287530594,realloc+0x0,IND_CALL,0,,,,
167,42,36481,79.01622300677944,apache::thrift::transport::TMemoryBuffer::~TMemoryBuffer()+0x0,IND,0,,,,
168,42,36523,79.10719313825294,mongoc_set_add+0x0,IND,0,,,,
169,42,36565,79.19816326972644,sw::redis::ConnectionPool::fetch()+0x13f,RET,1,0x25dcf,0x25dc0,_ZN2sw5redis14ConnectionPool5fetchEv,sw::redis::ConnectionPool::fetch()
170,42,36607,79.28913340119993,_mongoc_array_append_vals+0x0,IND,0,,,,
171,42,36649,79.38010353267344,bson_append_document_begin+0x0,IND,0,,,,
172,42,36691,79.47107366414694,_mongoc_buffer_append_from_stream+0x0,IND,0,,,,
173,42,36733,79.56204379562044,social_network::Post::~Post()+0x0,IND_CALL,0,,,,
174,41,36774,79.65084797158266,std::locale::~locale()+0x0,IND,0,,,,
175,41,36815,79.73965214754489,std::ios_base::_M_init()+0x3b,RET,0,,,,
176,41,36856,79.82845632350711,std::locale::locale()+0x0,IND,0,,,,
177,41,36897,79.91726049946934,social_network::UserTimelineService_ReadUserTimeline_args::read(apache::thrift::protocol::TProtocol*)+0x2da,COND,0,,,,
178,41,36938,80.00606467543156,pthread_join+0x0,IND,0,,,,
179,41,36979,80.0948688513938,pthread_create+0x365,RET,0,,,,
180,41,37020,80.18367302735602,memset@plt+0x0,CALL,0,,,,
181,40,37060,80.27031124780697,redisReaderGetReply+0x86e,COND,0,,,,
182,40,37100,80.35694946825792,sdsMakeRoomFor+0x115,UNCOND,0,,,,
183,40,37140,80.44358768870887,_bson_iter_next_internal+0x0,CALL,0,,,,
184,40,37180,80.53022590915982,_mongoc_client_session_in_txn_or_ending+0x0,IND,0,,,,
185,40,37220,80.61686412961078,mongoc_server_description_destroy+0x0,IND,0,,,,
186,40,37260,80.70350235006173,bson_bcon_magic+0x0,IND,0,,,,
187,39,37299,80.7879746150014,pthread_cond_clockwait+0x20d,RET,0,,,,
188,39,37338,80.87244687994108,social_network::UserTimelineService_ReadUserTimeline_args::read(apache::thrift::protocol::TProtocol*)+0x473,COND,0,,,,
189,39,37377,80.95691914488076,mongoc_topology_select_server_id+0x3ad,COND,0,,,,
190,38,37415,81.03922545430918,jaegertracing::reporters::RemoteReporter::sweepQueue()+0xb0,COND,0,,,,
191,38,37453,81.12153176373758,mongoc_socket_recv+0x0,IND,0,,,,
192,38,37491,81.20383807316598,jaegertracing::reporters::RemoteReporter::sweepQueue()+0xf7,COND,0,,,,
193,38,37529,81.28614438259439,_ZN2sw5redis7CmdArgslsIRKdTnNSt9enable_ifIXsr3std13is_arithmeticINSt5decayIT_E4typeEEE5valueEiE4typeELi0EEERS1_OS7_+0x0,CALL,1,0x1f2d0,0x1f2c0,_ZN2sw5redis7CmdArgslsIRKdTnNSt9enable_ifIXsr3std13is_arithmeticINSt5decayIT_E4typeEEE5valueEiE4typeELi0EEERS1_OS7_,"sw::redis::CmdArgs& sw::redis::CmdArgs::operator<<<double const&, 0>(double const&)"
194,37,37566,81.36628473651152,jaegertracing::SpanContext::fromStream(std::istream&)+0x478,COND,0,,,,
195,37,37603,81.44642509042865,bson_iter_type@plt+0x0,CALL,0,,,,
196,37,37640,81.52656544434578,mongoc_client_get_collection+0x0,IND,0,,,,
197,37,37677,81.60670579826291,jaegertracing::Span::~Span()+0x0,IND,0,,,,
198,37,37714,81.68684615218004,redisvFormatCommand+0x0,CALL,0,,,,
199,37,37751,81.76698650609717,std::chrono::_V2::steady_clock::now()+0x0,IND,0,,,,
200,36,37787,81.84496090450303,bson_init_static+0x0,IND,0,,,,
201,36,37823,81.92293530290888,redisReaderGetReply+0x504,IND,0,,,,
202,36,37859,82.00090970131474,mongoc_find_and_modify_opts_set_update+0x0,IND,0,,,,
203,36,37895,82.0788840997206,mongoc_client_pool_pop+0x0,IND,0,,,,
204,36,37931,82.15685849812645,_mongoc_buffer_init+0x0,IND,0,,,,
205,36,37967,82.23483289653231,mongoc_topology_scanner_get_node+0x0,IND,0,,,,
206,36,38003,82.31280729493817,sdsMakeRoomFor+0x84,COND,0,,,,
207,35,38038,82.38861573783275,jaegertracing::thrift::Span::__set_startTime(long)+0x0,IND,0,,,,
208,35,38073,82.46442418072733,_mongoc_stream_socket_writev+0x0,IND,0,,,,
209,34,38107,82.53806666811063,bson_uint32_to_string+0x0,IND,0,,,,
210,34,38141,82.61170915549394,mongoc_cluster_run_opmsg+0x362,RET,0,,,,
211,34,38175,82.68535164287725,sdsempty+0x0,CALL,0,,,,
212,34,38209,82.75899413026056,mongoc_find_and_modify_opts_set_flags+0x0,IND,0,,,,
213,34,38243,82.83263661764387,mongoc_socket_recv+0x50,RET,0,,,,
214,34,38277,82.90627910502718,mongoc_topology_description_update_cluster_time+0x0,IND,0,,,,
215,34,38311,82.97992159241049,apache::thrift::protocol::TProtocolDefaults::TProtocolDefaults(std::shared_ptr<apache::thrift::transport::TTransport>)+0x0,IND,0,,,,
216,34,38345,83.0535640797938,mongoc_error_has_label+0x0,IND,0,,,,
217,34,38379,83.12720656717711,bson_concat+0x0,IND,0,,,,
218,33,38412,83.19868309904915,social_network::UserTimelineService_WriteUserTimeline_args::read(apache::thrift::protocol::TProtocol*)+0x0,CALL,0,,,,
219,33,38445,83.27015963092119,_mongoc_topology_start_background_scanner+0x0,IND,0,,,,
220,33,38478,83.34163616279322,malloc@plt+0x0,CALL,0,,,,
221,33,38511,83.41311269466526,redisvFormatCommand+0x94,UNCOND,0,,,,
222,33,38544,83.48458922653728,mongoc_set_get+0x28,UNCOND,0,,,,
223,33,38577,83.55606575840932,redisReaderGetReply+0x364,UNCOND,0,,,,
224,32,38609,83.62537633477008,bson_iter_init+0x0,IND,0,,,,
225,32,38641,83.69468691113084,sdsMakeRoomFor+0x0,CALL,0,,,,
226,32,38673,83.76399748749161,mongoc_client_start_session+0x0,IND,0,,,,
227,32,38705,83.83330806385237,_mongoc_client_session_append_read_concern+0x0,IND,0,,,,
228,31,38736,83.90045268470186,_bson_iter_next_internal+0x3b1,COND,0,,,,
229,31,38767,83.96759730555135,apache::thrift::transport::TFramedTransport::readFrame()+0x0,IND_CALL,0,,,,
230,31,38798,84.03474192640083,social_network::UserTimelineService_WriteUserTimeline_args::read(apache::thrift::protocol::TProtocol*)+0x473,COND,0,,,,
231,31,38829,84.10188654725032,redisReaderGetReply+0x610,IND,0,,,,
232,31,38860,84.1690311680998,pthread_create+0x328,COND,0,,,,
233,31,38891,84.2361757889493,_bcon_append_tokenize+0x23,UNCOND,0,,,,
234,31,38922,84.30332040979879,mongoc_server_description_reset+0xf8,RET,0,,,,
235,31,38953,84.37046503064828,_IO_default_xsputn+0x108,COND,0,,,,
236,31,38984,84.43760965149775,jaegertracing::thrift::Span::~Span()+0x0,IND,0,,,,
237,30,39014,84.50258831683597,__poll+0x63,RET,0,,,,
238,30,39044,84.56756698217418,_IO_default_xsputn+0x1ab,UNCOND,0,,,,
239,30,39074,84.6325456475124,_mongoc_rpc_scatter+0x185,IND,0,,,,
240,30,39104,84.69752431285062,pthread_create+0x800,COND,0,,,,
241,30,39134,84.76250297818883,pthread_mutex_lock+0x156,COND,0,,,,
242,29,39163,84.82531568801576,mongoc_read_prefs_copy+0x0,IND,0,,,,
243,29,39192,84.8881283978427,apache::thrift::transport::TFramedTransport::readFrame()+0x3b,RET,0,,,,
244,29,39221,84.95094110766965,bcon_append_ctx_va+0x16d,RET,0,,,,
245,29,39250,85.01375381749659,mongoc_server_description_handle_ismaster+0x0,IND,0,,,,
246,29,39279,85.07656652732354,std::chrono::_V2::steady_clock::now()@plt+0x0,CALL,0,,,,
247,29,39308,85.13937923715046,std::ios_base::ios_base()@plt+0x0,CALL,0,,,,
248,29,39337,85.20219194697741,bson_iter_bool+0x0,IND,0,,,,
249,29,39366,85.26500465680435,redisReaderGetReply+0x68a,COND,0,,,,
250,28,39394,85.32565141112002,apache::thrift::server::TConnectedClient::run()+0x2a4,RET,0,,,,
251,28,39422,85.38629816543568,mongoc_write_concern_copy+0x63,RET,0,,,,
252,28,39450,85.44694491975135,pthread_mutex_trylock+0x60,IND,0,,,,
253,28,39478,85.50759167406702,_pthread_cleanup_pop+0x0,CALL,0,,,,
254,28,39506,85.56823842838268,mongoc_stream_buffered_readv+0xdd,RET,0,,,,
255,28,39534,85.62888518269834,sw::redis::ConnectionPool::fetch()+0x94,RET,1,0x25d24,0x25d00,_ZN2sw5redis14ConnectionPool5fetchEv,sw::redis::ConnectionPool::fetch()
256,27,39561,85.68736598150274,_mongoc_rpc_gather+0xabe,COND,0,,,,
257,27,39588,85.74584678030713,__poll+0x37,RET,0,,,,
258,27,39615,85.80432757911153,bson_iter_init_find+0xde,COND,0,,,,
259,27,39642,85.86280837791591,_mongoc_buffer_append_from_stream+0xdc,RET,0,,,,
260,27,39669,85.92128917672031,_allow_txn_number+0x0,CALL,0,,,,
261,26,39695,85.97760402001343,sdscatvprintf+0x0,CALL,0,,,,
262,26,39721,86.03391886330655,jaegertracing::thrift::SpanRef::__set_traceIdHigh(long)+0x0,IND,0,,,,
263,26,39747,86.09023370659966,mongoc_topology_select_server_id+0x2f,RET,0,,,,
264,26,39773,86.14654854989278,pthread_create+0xb23,RET,0,,,,
265,26,39799,86.20286339318591,_mongoc_stream_writev_full+0x0,IND,0,,,,
266,26,39825,86.25917823647902,mongoc_find_and_modify_opts_set_fields+0x0,IND,0,,,,
267,26,39851,86.31549307977214,sprintf+0x0,IND,0,,,,
268,26,39877,86.37180792306526,_mongoc_document_is_pipeline+0x0,IND,0,,,,
269,26,39903,86.42812276635838,bson_malloc+0x0,IND,0,,,,
270,26,39929,86.4844376096515,_mongoc_client_session_handle_reply+0x0,IND,0,,,,
271,25,39954,86.53858649743334,_mongoc_client_session_in_txn+0x0,IND,0,,,,
272,25,39979,86.59273538521519,mongoc_collection_destroy+0x0,IND,0,,,,
273,25,40004,86.64688427299703,isupper+0x0,IND,0,,,,
274,25,40029,86.70103316077888,_bson_grow+0xb6,COND,0,,,,
275,25,40054,86.75518204856073,mongoc_find_and_modify_opts_destroy+0x0,IND,0,,,,
276,24,40078,86.80716498083129,_mongoc_topology_update_last_used+0x0,IND,0,,,,
277,24,40102,86.85914791310186,social_network::UserTimelineService_ReadUserTimeline_args::read(apache::thrift::protocol::TProtocol*)+0x0,CALL,0,,,,
278,24,40126,86.91113084537244,_mongoc_topology_update_cluster_time+0x0,IND,0,,,,
279,24,40150,86.963113777643,std::istream::get(char&)+0x80,COND,0,,,,
280,24,40174,87.01509670991358,mongoc_cmd_parts_assemble+0x735,COND,0,,,,
281,23,40197,87.06491368667288,mongoc_cmd_parts_assemble+0x6dd,COND,0,,,,
282,23,40220,87.11473066343217,std::ios_base::_M_call_callbacks(std::ios_base::event)+0x0,IND,0,,,,
283,23,40243,87.16454764019147,mongoc_write_concern_copy+0x38,RET,0,,,,
284,23,40266,87.21436461695077,mongoc_cmd_parts_assemble+0x368,COND,0,,,,
285,23,40289,87.26418159371006,social_network::UserTimelineService_WriteUserTimeline_args::read(apache::thrift::protocol::TProtocol*)+0x12c,RET,0,,,,
286,23,40312,87.31399857046937,handle_not_master_error+0x0,CALL,0,,,,
287,22,40334,87.36164959171738,mongoc_topology_description_select+0x22,RET,0,,,,
288,22,40356,87.40930061296541,__send+0x4c,RET,0,,,,
289,22,40378,87.45695163421344,bson_snprintf+0x54,COND,0,,,,
290,22,40400,87.50460265546145,_mongoc_client_session_handle_reply+0x1b8,COND,0,,,,
291,22,40422,87.55225367670948,redisReaderFeed+0x0,CALL,0,,,,
292,22,40444,87.5999046979575,__send+0x0,IND,0,,,,
293,22,40466,87.64755571920553,bcon_append_ctx_va+0x0,IND,0,,,,
294,22,40488,87.69520674045356,mongoc_cmd_parts_assemble+0x268,COND,0,,,,
295,22,40510,87.74285776170157,_bson_grow+0x189,COND,0,,,,
296,22,40532,87.7905087829496,mongoc_server_description_new_copy+0x0,IND,0,,,,
297,22,40554,87.83815980419762,std::ios_base::~ios_base()+0x0,IND,0,,,,
298,21,40575,87.88364486993437,sw::redis::ConnectionOptions::ConnectionOptions(sw::redis::ConnectionOptions&&)+0xf5,COND,1,0x248a5,0x24880,_ZN2sw5redis17ConnectionOptionsC2EOS1_,sw::redis::ConnectionOptions::ConnectionOptions(sw::redis::ConnectionOptions&&)
299,21,40596,87.92912993567113,mongoc_read_concern_copy+0x25,RET,0,,,,
300,21,40617,87.97461500140787,mongoc_write_concern_is_valid+0x0,IND,0,,,,
301,21,40638,88.02010006714463,sw::redis::ConnectionPool::fetch()+0x0,CALL,1,0x25c90,0x25c80,_ZN2sw5redis14ConnectionPool5fetchEv,sw::redis::ConnectionPool::fetch()
302,21,40659,88.06558513288137,_mongoc_rpc_scatter+0x0,IND,0,,,,
303,21,40680,88.11107019861812,recv+0x82,RET,0,,,,
304,21,40701,88.15655526435486,bson_iter_key@plt+0x0,CALL,0,,,,
305,21,40722,88.20204033009162,_mongoc_client_unregister_session+0x0,IND,0,,,,
306,21,40743,88.24752539582838,_mongoc_collection_new+0x0,IND,0,,,,
307,20,40763,88.29084450605384,std::chrono::_V2::system_clock::now()+0x0,IND,0,,,,
308,20,40783,88.33416361627933,redisNetWrite+0x0,IND_CALL,0,,,,
309,20,40803,88.3774827265048,_IO_default_xsputn+0x1e8,COND,0,,,,
310,20,40823,88.42080183673028,jaegertracing::SpanContext::fromStream(std::istream&)+0x48a,RET,0,,,,
311,20,40843,88.46412094695575,std::__future_base::_Result_base::~_Result_base()+0x0,IND,0,,,,
312,20,40863,88.50744005718123,mongoc_server_stream_cleanup+0x0,IND,0,,,,
313,20,40883,88.5507591674067,jaegertracing::thrift::SpanRef::__set_traceIdLow(long)+0x0,IND,0,,,,
314,20,40903,88.59407827763218,std::__future_base::_Result_base::~_Result_base()+0x28,COND,0,,,,
315,20,40923,88.63739738785765,sw::redis::Connection::recv()+0xb1,COND,1,0x23521,0x23500,_ZN2sw5redis10Connection4recvEv,sw::redis::Connection::recv()
316,20,40943,88.68071649808313,mongoc_set_rm+0x0,IND,0,,,,
317,20,40963,88.72403560830861,free@plt+0x0,UNCOND,0,,,,
318,19,40982,88.7651887630228,_mongoc_socket_wait+0x81,RET,0,,,,
319,19,41001,88.80634191773702,mongoc_server_description_compressor_id+0x0,IND,0,,,,
320,19,41020,88.84749507245121,social_network::ServiceException::~ServiceException()+0x0,CALL,0,,,,
321,19,41039,88.88864822716542,bson_append_document+0x0,IND,0,,,,
322,19,41058,88.92980138187961,apache::thrift::transport::TFramedTransport::writeEnd()+0x0,IND_CALL,0,,,,
323,19,41077,88.97095453659382,mongoc_find_and_modify_opts_set_sort+0x0,IND,0,,,,
324,19,41096,89.01210769130802,sdscatfmt+0x341,IND,0,,,,
325,19,41115,89.05326084602223,social_network::UserTimelineService_ReadUserTimeline_args::read(apache::thrift::protocol::TProtocol*)+0x12c,RET,0,,,,
326,19,41134,89.09441400073642,_bson_append+0x54,COND,0,,,,
327,19,41153,89.13556715545063,mongoc_cluster_run_command_monitored+0xc9,COND,0,,,,
328,18,41171,89.17455435465355,malloc+0x110,COND,0,,,,
329,18,41189,89.21354155385649,mongoc_cmd_parts_assemble+0x42e,RET,0,,,,
330,18,41207,89.25252875305941,sdscatfmt+0x20c,UNCOND,0,,,,
331,18,41225,89.29151595226234,bson_iter_key+0x0,IND,0,,,,
332,18,41243,89.33050315146527,bson_destroy+0x24,COND,0,,,,
333,18,41261,89.3694903506682,mongoc_collection_find_and_modify+0x8c,RET,0,,,,
334,18,41279,89.40847754987112,bcon_append_ctx_va+0x27a,IND,0,,,,
335,18,41297,89.44746474907406,_dl_allocate_tls_init+0x3a,RET,0,,,,
336,18,41315,89.48645194827698,bson_new+0x0,IND,0,,,,
337,18,41333,89.52543914747991,sdscatfmt+0x376,IND,0,,,,
338,18,41351,89.56442634668284,std::locale::~locale()@plt+0x0,CALL,0,,,,
339,18,41369,89.60341354588577,social_network::ThriftClient<social_network::PostStorageServiceClient>::Connect()+0x1b,COND,0,,,,
340,18,41387,89.6424007450887,mongoc_cluster_run_opmsg+0x338,RET,0,,,,
341,18,41405,89.68138794429163,mongoc_topology_select_server_id+0x249,COND,0,,,,
342,18,41423,89.72037514349455,mongoc_cluster_run_opmsg+0x17e,RET,0,,,,
343,17,41440,89.75719638718621,_mongoc_get_command_name+0xc7,COND,0,,,,
344,17,41457,89.79401763087786,_bson_iter_next_internal+0x122,IND,0,,,,
345,17,41474,89.83083887456952,social_network::UserTimelineService_WriteUserTimeline_args::read(apache::thrift::protocol::TProtocol*)+0xba,RET,0,,,,
346,17,41491,89.86766011826117,_bcon_append_tokenize+0x86,COND,0,,,,
347,17,41508,89.90448136195282,redisReaderGetReply+0x486,COND,0,,,,
348,17,41525,89.94130260564448,bcon_append_ctx_va+0x160,COND,0,,,,
349,17,41542,89.97812384933613,apache::thrift::transport::TFramedTransport::flush()+0x88,COND,0,,,,
350,17,41559,90.01494509302779,mongoc_cmd_parts_assemble+0x9c,RET,0,,,,
351,17,41576,90.05176633671944,social_network::UserTimelineService_ReadUserTimeline_args::read(apache::thrift::protocol::TProtocol*)+0xba,RET,0,,,,
352,17,41593,90.0885875804111,_mongoc_rpc_gather+0x2d5,IND,0,,,,
353,17,41610,90.12540882410275,social_network::UserTimelineService_WriteUserTimeline_args::read(apache::thrift::protocol::TProtocol*)+0x53,RET,0,,,,
354,17,41627,90.16223006779441,apache::thrift::protocol::TCompactProtocolT<apache::thrift::transport::TTransport>::~TCompactProtocolT()+0x0,IND,0,,,,
355,17,41644,90.19905131148606,bcon_append_ctx_va+0x1d7,IND,0,,,,
356,17,41661,90.23587255517772,rand_r@plt+0x0,UNCOND,0,,,,
357,17,41678,90.27269379886937,bson_append_document_end+0x0,IND,0,,,,
358,17,41695,90.30951504256103,bson_reinit+0x0,IND,0,,,,
359,17,41712,90.34633628625268,mongoc_client_session_get_lsid+0x0,IND,0,,,,
360,17,41729,90.38315752994434,sw::redis::ConnectionOptions::~ConnectionOptions()+0xfe,COND,0,,,,
361,17,41746,90.41997877363599,std::thread::join()+0x0,IND,0,,,,
362,17,41763,90.45680001732764,_mongoc_cmd_check_ok+0x0,IND,0,,,,
363,17,41780,90.4936212610193,jaegertracing::SpanContext::~SpanContext()+0x0,IND_CALL,0,,,,
364,17,41797,90.53044250471095,_mongoc_stream_writev_full+0x2c,COND,0,,,,
365,16,41813,90.56509779289134,recv+0x0,IND,0,,,,
366,16,41829,90.59975308107171,_IO_default_xsputn+0x1e0,COND,0,,,,
367,16,41845,90.6344083692521,apache::thrift::protocol::TCompactProtocolFactoryT<apache::thrift::transport::TTransport>::getProtocol(std::shared_ptr<apache::thrift::transport::TTransport>)+0x7f,COND,0,,,,
368,16,41861,90.66906365743247,__libc_calloc+0x150,COND,0,,,,
369,16,41877,90.70371894561286,mongoc_collection_find_and_modify_with_opts+0x14f,RET,0,,,,
370,16,41893,90.73837423379324,bson_iter_int32+0x0,IND,0,,,,
371,16,41909,90.77302952197361,mongoc_collection_find_and_modify_with_opts+0x45d,RET,0,,,,
372,16,41925,90.807684810154,mongoc_cmd_parts_assemble+0x782,COND,0,,,,
373,16,41941,90.84234009833438,mongoc_cmd_is_compressible+0x0,IND,0,,,,
374,15,41956,90.87482943100349,redisGetReply+0x100,COND,0,,,,
375,15,41971,90.90731876367259,bcon_append_ctx_va+0x40,UNCOND,0,,,,
376,15,41986,90.93980809634171,redisReaderFeed+0xb,COND,0,,,,
377,15,42001,90.97229742901081,sdsMakeRoomFor+0xb4,UNCOND,0,,,,
378,15,42016,91.00478676167991,_mongoc_server_session_timed_out+0x0,IND,0,,,,
379,15,42031,91.03727609434902,redisAppendCommand+0xee,COND,0,,,,
380,15,42046,91.06976542701813,jaegertracing::TraceID::fromStream(std::istream&)+0x8d,COND,0,,,,
381,15,42061,91.10225475968724,sdsMakeRoomFor+0x204,IND,0,,,,
382,15,42076,91.13474409235634,jaegertracing::SpanContext::fromStream(std::istream&)+0x289,COND,0,,,,
383,15,42091,91.16723342502544,_mongoc_rpc_swab_to_le+0x0,IND,0,,,,
384,15,42106,91.19972275769456,jaegertracing::Span::~Span()+0x1d9,COND,0,,,,
385,15,42121,91.23221209036366,pthread_create+0x8f,RET,0,,,,
386,15,42136,91.26470142303278,__libc_calloc+0x238,COND,0,,,,
387,15,42151,91.29719075570188,_mongoc_topology_push_server_session+0x0,IND,0,,,,
388,15,42166,91.32968008837098,_bson_iter_next_internal+0x156,UNCOND,0,,,,
389,15,42181,91.3621694210401,bson_append_utf8+0x0,IND,0,,,,
390,15,42196,91.3946587537092,_bson_iter_next_internal+0x9b,COND,0,,,,
391,15,42211,91.42714808637831,jaegertracing::thrift::Span::__set_flags(int)+0x0,IND,0,,,,
392,14,42225,91.45747146353614,__poll+0x0,IND,0,,,,
393,14,42239,91.48779484069397,pthread_once@plt+0x0,CALL,0,,,,
394,14,42253,91.51811821785181,sdsfree+0x0,CALL,0,,,,
395,14,42267,91.54844159500963,jaegertracing::TraceID::fromStream(std::istream&)+0x217,COND,0,,,,
396,14,42281,91.57876497216748,_mongoc_rpc_gather+0x0,IND,0,,,,
397,14,42295,91.6090883493253,_bson_append+0xe6,COND,0,,,,
398,14,42309,91.63941172648313,_mongoc_cluster_stream_for_server+0x14d,RET,0,,,,
399,14,42323,91.66973510364097,strchrnul@plt+0x0,CALL,0,,,,
400,14,42337,91.7000584807988,std::istream::get(char&)@plt+0x0,CALL,0,,,,
401,14,42351,91.73038185795664,pthread_cond_signal+0x0,IND,0,,,,
402,14,42365,91.76070523511447,bson_get_data+0x16,COND,0,,,,
403,14,42379,91.7910286122723,pthread_mutex_lock+0xc8,COND,0,,,,
404,14,42393,91.82135198943014,_mongoc_stream_socket_readv+0x85,RET,0,,,,
405,14,42407,91.85167536658797,_mongoc_topology_push_server_session+0x43,UNCOND,0,,,,
406,14,42421,91.8819987437458,mongoc_collection_find_and_modify_with_opts+0x3a9,RET,0,,,,
407,14,42435,91.91232212090364,strcmp@plt+0x0,CALL,0,,,,
408,14,42449,91.94264549806147,_mongoc_client_session_append_txn+0x0,IND,0,,,,
409,14,42463,91.97296887521931,__libc_calloc+0x2a0,COND,0,,,,
410,14,42477,92.00329225237714,redisReaderGetReply+0x403,COND,0,,,,
411,13,42490,92.03144967402369,_mongoc_document_is_pipeline+0xef,COND,0,,,,
412,13,42503,92.05960709567026,_mongoc_buffer_append_from_stream+0xbb,COND,0,,,,
413,13,42516,92.08776451731681,cfree+0xc8,COND,0,,,,
414,13,42529,92.11592193896337,sw::redis::ConnectionOptions::ConnectionOptions(sw::redis::ConnectionOptions&&)+0x1d4,COND,1,0x24984,0x24980,_ZN2sw5redis17ConnectionOptionsC2EOS1_,sw::redis::ConnectionOptions::ConnectionOptions(sw::redis::ConnectionOptions&&)
415,13,42542,92.14407936060994,mongoc_collection_find_and_modify+0xaf,RET,0,,,,
416,13,42555,92.17223678225649,apache::thrift::protocol::TCompactProtocolFactoryT<apache::thrift::transport::TTransport>::getProtocol(std::shared_ptr<apache::thrift::transport::TTransport>)+0x0,IND,0,,,,
417,13,42568,92.20039420390304,bson_sized_new+0x0,IND,0,,,,
418,13,42581,92.22855162554961,sw::redis::ConnectionPool::fetch()+0x28,RET,1,0x25cb8,0x25c80,_ZN2sw5redis14ConnectionPool5fetchEv,sw::redis::ConnectionPool::fetch()
419,13,42594,92.25670904719617,strcasecmp@plt+0x0,CALL,0,,,,
420,13,42607,92.28486646884274,sdscatvprintf+0xed,COND,0,,,,
421,13,42620,92.31302389048929,bson_iter_init_find+0xa0,COND,0,,,,
422,13,42633,92.34118131213584,std::ios_base::_M_call_callbacks(std::ios_base::event)@plt+0x0,CALL,0,,,,
423,13,42646,92.36933873378241,sw::redis::ConnectionOptions::ConnectionOptions(sw::redis::ConnectionOptions&&)+0x6c,COND,1,0x2481c,0x24800,_ZN2sw5redis17ConnectionOptionsC2EOS1_,sw::redis::ConnectionOptions::ConnectionOptions(sw::redis::ConnectionOptions&&)
424,13,42659,92.39749615542897,mongoc_cluster_check_interval+0x299,COND,0,,,,
425,13,42672,92.42565357707552,redisReaderGetReply+0x5a7,COND,0,,,,
426,13,42685,92.45381099872209,apache::thrift::server::TConnectedClient::run()+0x2d0,COND,0,,,,
427,13,42698,92.48196842036864,social_network::UserTimelineService_WriteUserTimeline_args::read(apache::thrift::protocol::TProtocol*)+0x34c,IND,0,,,,
428,13,42711,92.5101258420152,mongoc_topology_select_server_id+0x71,RET,0,,,,
429,13,42724,92.53828326366177,_mongoc_rpc_scatter+0x68a,UNCOND,0,,,,
430,13,42737,92.56644068530832,sw::redis::ConnectionOptions::ConnectionOptions(sw::redis::ConnectionOptions&&)+0x2f7,COND,1,0x24aa7,0x24a80,_ZN2sw5redis17ConnectionOptionsC2EOS1_,sw::redis::ConnectionOptions::ConnectionOptions(sw::redis::ConnectionOptions&&)
431,13,42750,92.59459810695488,redisReaderGetReply+0xf19,COND,0,,,,
432,12,42762,92.62058957309017,_IO_default_xsputn+0x14d,COND,0,,,,
433,12,42774,92.64658103922545,redisGetReply+0x8b,RET,0,,,,
434,12,42786,92.67257250536073,_mongoc_buffer_fill+0x12c,COND,0,,,,
435,12,42798,92.69856397149603,_bson_append+0x14a,RET,0,,,,
436,12,42810,92.72455543763131,sw::redis::ConnectionOptions::ConnectionOptions(sw::redis::ConnectionOptions&&)+0x2c,UNCOND,1,0x247dc,0x247c0,_ZN2sw5redis17ConnectionOptionsC2EOS1_,sw::redis::ConnectionOptions::ConnectionOptions(sw::redis::ConnectionOptions&&)
437,12,42822,92.75054690376659,redisReaderFeed+0x86,COND,0,,,,
438,12,42834,92.77653836990189,redisReaderFeed+0x3d,RET,0,,,,
439,12,42846,92.80252983603717,_dl_allocate_tls_init+0x0,IND,0,,,,
440,12,42858,92.82852130217245,social_network::UserTimelineService_ReadUserTimeline_args::read(apache::thrift::protocol::TProtocol*)+0x53,RET,0,,,,
441,12,42870,92.85451276830774,redisGetReply+0x194,UNCOND,0,,,,
442,12,42882,92.88050423444302,_IO_default_xsputn+0x80,UNCOND,0,,,,
443,12,42894,92.9064957005783,mongoc_stream_read+0x2d,RET,0,,,,
444,12,42906,92.9324871667136,mongoc_topology_description_update_cluster_time+0xfd,COND,0,,,,
445,12,42918,92.95847863284888,mongoc_set_rm+0x2c,UNCOND,0,,,,
446,12,42930,92.98447009898416,sdscat+0x7d,RET,0,,,,
447,12,42942,93.01046156511946,sw::redis::Connection::recv()+0x0,CALL,1,0x23470,0x23440,_ZN2sw5redis10Connection4recvEv,sw::redis::Connection::recv()
448,12,42954,93.03645303125474,mongoc_write_concern_is_valid+0x1d,COND,0,,,,
449,12,42966,93.06244449739002,social_network::UserTimelineService_ReadUserTimeline_args::read(apache::thrift::protocol::TProtocol*)+0xeb,IND,0,,,,
450,12,42978,93.08843596352531,redisAppendCommandArgv+0x12,RET,0,,,,
451,12,42990,93.1144274296606,pthread_join@plt+0x0,CALL,0,,,,
452,11,43001,93.1382529402846,social_network::ServiceException::~ServiceException()+0x26,COND,0,,,,
453,11,43012,93.16207845090862,_mongoc_topology_update_cluster_time+0x25,RET,0,,,,
454,11,43023,93.18590396153263,_bson_append+0xc8,RET,0,,,,
455,11,43034,93.20972947215664,strlen@plt+0x0,CALL,0,,,,
456,11,43045,93.23355498278066,_IO_default_xsputn+0x1ba,COND,0,,,,
457,11,43056,93.25738049340467,bson_append_document+0x3e,COND,0,,,,
458,11,43067,93.28120600402868,sw::redis::ConnectionOptions::ConnectionOptions(sw::redis::ConnectionOptions&&)+0xac,COND,1,0x2485c,0x24840,_ZN2sw5redis17ConnectionOptionsC2EOS1_,sw::redis::ConnectionOptions::ConnectionOptions(sw::redis::ConnectionOptions&&)
459,11,43078,93.30503151465268,mongoc_cmd_parts_assemble+0x44f,RET,0,,,,
460,11,43089,93.3288570252767,pthread_mutex_unlock+0x48,COND,0,,,,
461,11,43100,93.35268253590071,social_network::UserTimelineService_WriteUserTimeline_args::read(apache::thrift::protocol::TProtocol*)+0x115,IND,0,,,,
462,11,43111,93.37650804652472,redisReaderGetReply+0x234,IND,0,,,,
463,11,43122,93.40033355714874,__tls_get_addr@plt+0x0,CALL,0,,,,
464,11,43133,93.42415906777275,_bcon_append_tokenize+0x31c,COND,0,,,,
465,11,43144,93.44798457839676,_dl_allocate_tls+0xb0,COND,0,,,,
466,11,43155,93.47181008902078,apache::thrift::transport::TFramedTransport::readFrame()+0x99,RET,0,,,,
467,11,43166,93.49563559964479,sdscatfmt+0x4a1,UNCOND,0,,,,
468,11,43177,93.5194611102688,mongoc_collection_find_and_modify_with_opts+0x2f8,RET,0,,,,
469,11,43188,93.5432866208928,sw::redis::ConnectionOptions::ConnectionOptions(sw::redis::ConnectionOptions&&)+0x235,COND,1,0x249e5,0x249c0,_ZN2sw5redis17ConnectionOptionsC2EOS1_,sw::redis::ConnectionOptions::ConnectionOptions(sw::redis::ConnectionOptions&&)
470,11,43199,93.56711213151682,_mongoc_cluster_select_server_id+0xa3,COND,0,,,,
471,11,43210,93.59093764214083,jaegertracing::Span::~Span()+0xe6,COND,0,,,,
472,11,43221,93.61476315276484,jaegertracing::thrift::Span::__set_traceIdHigh(long)+0x0,IND,0,,,,
473,11,43232,93.63858866338886,_mongoc_stream_socket_readv+0xd0,COND,0,,,,
474,11,43243,93.66241417401287,social_network::UserTimelineService_ReadUserTimeline_args::read(apache::thrift::protocol::TProtocol*)+0x115,IND,0,,,,
475,11,43254,93.68623968463687,sdscatfmt+0x71b,RET,0,,,,
476,10,43264,93.70789923974962,pthread_cond_signal+0x61,UNCOND,0,,,,
477,10,43274,93.72955879486236,mongoc_topology_description_server_by_id+0x40,COND,0,,,,
478,10,43284,93.75121834997509,realloc+0x243,COND,0,,,,
479,10,43294,93.77287790508782,bson_strdup+0x39,COND,0,,,,
480,10,43304,93.79453746020057,mongoc_server_description_new_copy+0xd8,UNCOND,0,,,,
481,10,43314,93.8161970153133,sw::redis::ConnectionOptions::ConnectionOptions(sw::redis::ConnectionOptions&&)+0x296,COND,1,0x24a46,0x24a40,_ZN2sw5redis17ConnectionOptionsC2EOS1_,sw::redis::ConnectionOptions::ConnectionOptions(sw::redis::ConnectionOptions&&)
482,10,43324,93.83785657042604,sendmsg+0x36,RET,0,,,,
483,10,43334,93.85951612553878,createArrayObject+0x0,IND_CALL,0,,,,
484,10,43344,93.88117568065152,_bson_append+0x197,COND,0,,,,
485,10,43354,93.90283523576426,sdscatlen+0x6f,RET,0,,,,
486,10,43364,93.92449479087699,mongoc_cluster_run_opmsg+0x380,RET,0,,,,
487,10,43374,93.94615434598974,social_network::Url::~Url()+0x0,IND_CALL,0,,,,
488,10,43384,93.96781390110247,__mmap+0x0,CALL,0,,,,
489,10,43394,93.98947345621521,pthread_mutex_unlock+0xc9,COND,0,,,,
490,10,43404,94.01113301132794,bson_append_int32+0x0,IND,0,,,,
491,10,43414,94.03279256644069,pthread_cond_clockwait+0xdb,COND,0,,,,
492,10,43424,94.05445212155342,pthread_mutex_lock@plt+0x0,CALL,0,,,,
493,10,43434,94.07611167666616,mongoc_collection_find_and_modify_with_opts+0x585,COND,0,,,,
494,10,43444,94.09777123177889,mongoc_cmd_parts_assemble+0x3b1,COND,0,,,,
495,10,43454,94.11943078689164,mongoc_stream_buffered_readv+0x0,IND_CALL,0,,,,
496,10,43464,94.14109034200438,mongoc_cluster_run_command_monitored+0x1cf,COND,0,,,,
497,10,43474,94.16274989711711,__dynamic_cast+0x83,RET,0,,,,
498,10,43484,94.18440945222986,redisBufferWrite+0x0,CALL,0,,,,
499,10,43494,94.20606900734259,mongoc_set_add+0x3b,COND,0,,,,
500,10,43504,94.22772856245533,sdscatfmt+0xd0,UNCOND,0,,,,
501,10,43514,94.24938811756806,apache::thrift::protocol::TCompactProtocolT<apache::thrift::transport::TTransport>::~TCompactProtocolT()+0x22,RET,0,,,,
502,10,43524,94.27104767268081,redisNetRead+0x0,IND_CALL,0,,,,
503,9,43533,94.29054127228227,__vdso_clock_gettime+0x0,IND_CALL,0,,,,
504,9,43542,94.31003487188373,_bson_iter_next_internal+0x232,IND,0,,,,
505,9,43551,94.32952847148519,social_network::UserTimelineService_WriteUserTimeline_args::read(apache::thrift::protocol::TProtocol*)+0xeb,IND,0,,,,
506,9,43560,94.34902207108667,bson_strdup_printf+0x0,IND,0,,,,
507,9,43569,94.36851567068813,redisAppendCommandArgv+0x0,CALL,0,,,,
508,9,43578,94.38800927028959,std::istream::putback(char)+0x4b,RET,0,,,,
509,9,43587,94.40750286989105,pthread_create+0xbaa,RET,0,,,,
510,9,43596,94.42699646949252,isupper@plt+0x0,CALL,0,,,,
511,9,43605,94.44649006909398,pthread_create+0xa80,COND,0,,,,
512,9,43614,94.46598366869544,__send+0x82,RET,0,,,,
513,9,43623,94.4854772682969,redisFormatSdsCommandArgv+0x1e2,UNCOND,0,,,,
514,9,43632,94.50497086789838,social_network::UserTimelineService_ReadUserTimeline_args::read(apache::thrift::protocol::TProtocol*)+0x34c,IND,0,,,,
515,9,43641,94.52446446749984,mongoc_cmd_parts_set_write_concern+0x3b,RET,0,,,,
516,9,43650,94.5439580671013,mongoc_topology_compatible+0x2f,COND,0,,,,
517,9,43659,94.56345166670276,pthread_mutex_unlock@plt+0x0,CALL,0,,,,
518,9,43668,94.58294526630424,sw::redis::Connection::recv()+0xa0,COND,1,0x23510,0x23500,_ZN2sw5redis10Connection4recvEv,sw::redis::Connection::recv()
519,9,43677,94.6024388659057,social_network::Post::read(apache::thrift::protocol::TProtocol*)+0x53,RET,0,,,,
520,9,43686,94.62193246550716,_mongoc_rpc_swab_from_le+0x0,IND,0,,,,
521,9,43695,94.64142606510862,social_network::PostStorageService_ReadPosts_presult::read(apache::thrift::protocol::TProtocol*)+0x104,RET,0,,,,
522,9,43704,94.6609196647101,_bcon_append_tokenize+0xc8,IND,0,,,,
523,9,43713,94.68041326431155,bson_copy_to@plt+0x0,CALL,0,,,,
524,9,43722,94.69990686391301,bson_append_bool+0x0,IND,0,,,,
525,9,43731,94.71940046351448,_pthread_cleanup_push+0x0,CALL,0,,,,
526,9,43740,94.73889406311595,_mongoc_cluster_stream_for_server+0x801,UNCOND,0,,,,
527,9,43749,94.75838766271741,_mongoc_cluster_stream_for_server+0xb11,COND,0,,,,
528,9,43758,94.77788126231887,mongoc_cluster_run_opmsg+0x31d,RET,0,,,,
529,9,43767,94.79737486192033,mongoc_cmd_parts_assemble+0xb86,UNCOND,0,,,,
530,9,43776,94.8168684615218,redisReaderGetReply+0x5a,COND,0,,,,
531,9,43785,94.83636206112327,bson_iter_init+0x29,RET,0,,,,
532,8,43793,94.85368970521345,_bson_append_bson_end+0x0,CALL,0,,,,
533,8,43801,94.87101734930364,_mongoc_cluster_stream_for_server+0x3d1,COND,0,,,,
534,8,43809,94.88834499339383,bson_get_data@plt+0x0,CALL,0,,,,
535,8,43817,94.90567263748403,bson_realloc_ctx+0x0,IND_CALL,0,,,,
536,8,43825,94.92300028157422,std::istream::putback(char)+0x39,RET,0,,,,
537,8,43833,94.9403279256644,apache::thrift::server::TConnectedClient::run()+0x340,COND,0,,,,
538,8,43841,94.95765556975459,pthread_create+0x5c0,RET,0,,,,
539,8,43849,94.9749832138448,sw::redis::ConnectionOptions::ConnectionOptions(sw::redis::ConnectionOptions&&)+0x0,CALL,1,0x247b0,0x24780,_ZN2sw5redis17ConnectionOptionsC2EOS1_,sw::redis::ConnectionOptions::ConnectionOptions(sw::redis::ConnectionOptions&&)
540,8,43857,94.99231085793498,mongoc_cluster_run_command_monitored+0x3ea,RET,0,,,,
541,8,43865,95.00963850202517,jaegertracing::SpanContext::fromStream(std::istream&)+0x50f,UNCOND,0,,,,
542,8,43873,95.02696614611536,redisReaderGetReply+0xd9e,UNCOND,0,,,,
543,8,43881,95.04429379020554,sprintf+0x5d,COND,0,,,,
544,8,43889,95.06162143429574,std::locale::locale()@plt+0x0,UNCOND,0,,,,
545,8,43897,95.07894907838593,jaegertracing::SpanContext::~SpanContext()+0x26,COND,0,,,,
546,8,43905,95.09627672247612,sw::redis::SafeConnection::~SafeConnection()+0x0,CALL,1,0x36ed0,0x36ec0,_ZN2sw5redis14SafeConnectionD2Ev,sw::redis::SafeConnection::~SafeConnection()
547,8,43913,95.1136043665663,redisReaderGetReply+0x460,COND,0,,,,
548,8,43921,95.13093201065651,mongoc_cluster_run_opmsg+0x310,COND,0,,,,
549,8,43929,95.1482596547467,bson_free@plt+0x0,CALL,0,,,,
550,8,43937,95.16558729883688,_IO_default_xsputn+0x40,COND,0,,,,
551,8,43945,95.18291494292707,apache::thrift::transport::TFramedTransport::flush()+0x36,RET,0,,,,
552,8,43953,95.20024258701726,pthread_cond_signal+0xc8,COND,0,,,,
553,8,43961,95.21757023110746,bcon_append_ctx_va+0x1b4,IND,0,,,,
554,8,43969,95.23489787519765,mongoc_read_concern_copy+0x0,IND,0,,,,
555,8,43977,95.25222551928783,_mongoc_client_session_handle_reply+0x7b,RET,0,,,,
556,8,43985,95.26955316337802,bcon_append_ctx_va+0x2da,IND,0,,,,
557,8,43993,95.28688080746821,mongoc_client_session_get_cluster_time+0x0,IND,0,,,,
558,8,44001,95.30420845155841,redisReaderGetReply+0xa74,RET,0,,,,
559,8,44009,95.3215360956486,jaegertracing::SpanContext::fromStream(std::istream&)+0x1d4,UNCOND,0,,,,
560,8,44017,95.33886373973878,std::locale::locale()+0x17,RET,0,,,,
561,8,44025,95.35619138382897,clock_gettime+0x1d,RET,0,,,,
562,8,44033,95.37351902791917,jaegertracing::thrift::Span::__set_spanId(long)+0x0,IND,0,,,,
563,8,44041,95.39084667200936,mongoc_stream_writev@plt+0x0,CALL,0,,,,
564,8,44049,95.40817431609955,bson_concat+0x1b,COND,0,,,,
565,8,44057,95.42550196018973,_mongoc_socket_wait+0xfe,UNCOND,0,,,,
566,8,44065,95.44282960427992,_mongoc_cmd_check_ok_no_wce+0x0,IND,0,,,,
567,8,44073,95.46015724837012,jaegertracing::TraceID::fromStream(std::istream&)+0x152,COND,0,,,,
568,8,44081,95.47748489246031,mongoc_cmd_parts_assemble+0x50d,COND,0,,,,
569,8,44089,95.4948125365505,mongoc_server_description_handle_ismaster+0x9ef,COND,0,,,,
570,8,44097,95.51214018064069,_bson_iter_next_internal+0xc5,IND,0,,,,
571,8,44105,95.52946782473089,mongoc_server_description_handle_ismaster+0x268,RET,0,,,,
572,8,44113,95.54679546882107,bson_append_int64+0x38,COND,0,,,,
573,8,44121,95.56412311291126,__ctype_init+0x0,CALL,0,,,,
574,8,44129,95.58145075700145,mongoc_read_prefs_copy+0x51,RET,0,,,,
575,7,44136,95.59661244558036,sdscatfmt+0x1a4,COND,0,,,,
576,7,44143,95.61177413415929,mongoc_collection_find_and_modify_with_opts+0x43f,COND,0,,,,
577,7,44150,95.6269358227382,pthread_create+0x33d,RET,0,,,,
578,7,44157,95.64209751131712,apache::thrift::protocol::TCompactProtocolFactoryT<apache::thrift::transport::TTransport>::getProtocol(std::shared_ptr<apache::thrift::transport::TTransport>)+0x129,COND,0,,,,
579,7,44164,95.65725919989603,sdscatvprintf+0x82,UNCOND,0,,,,
580,7,44171,95.67242088847495,redisNetRead+0x11,RET,0,,,,
581,7,44178,95.68758257705387,mongoc_topology_compatible+0x3d,COND,0,,,,
582,7,44185,95.70274426563279,apache::thrift::server::TConnectedClient::run()+0x310,COND,0,,,,
583,7,44192,95.7179059542117,_mongoc_stream_socket_writev+0x5d,RET,0,,,,
584,7,44199,95.73306764279062,social_network::PostStorageService_ReadPosts_presult::read(apache::thrift::protocol::TProtocol*)+0x28c,COND,0,,,,
585,7,44206,95.74822933136953,std::ios_base::_M_init()@plt+0x0,CALL,0,,,,
586,7,44213,95.76339101994844,bson_free+0x0,IND,0,,,,
587,7,44220,95.77855270852737,mongoc_server_description_handle_ismaster+0x949,COND,0,,,,
588,7,44227,95.79371439710629,_bson_append+0x120,COND,0,,,,
589,7,44234,95.8088760856852,bcon_append_ctx_va+0x208,COND,0,,,,
590,7,44241,95.82403777426411,mongoc_read_prefs_copy+0x42,RET,0,,,,
591,7,44248,95.83919946284303,clock_gettime@plt+0x0,CALL,0,,,,
592,7,44255,95.85436115142195,__once_proxy+0x0,IND_CALL,0,,,,
593,7,44262,95.86952284000087,bson_iter_init_find+0xb7,RET,0,,,,
594,7,44269,95.88468452857978,sdsempty+0xf,RET,0,,,,
595,7,44276,95.8998462171587,mongoc_cmd_parts_set_write_concern+0x0,IND,0,,,,
596,7,44283,95.91500790573761,apache::thrift::protocol::TProtocolDefaults::TProtocolDefaults(std::shared_ptr<apache::thrift::transport::TTransport>)+0xdf,COND,0,,,,
597,7,44290,95.93016959431654,__lll_lock_wait_private+0xb,COND,0,,,,
598,7,44297,95.94533128289545,std::chrono::_V2::system_clock::now()@plt+0x0,CALL,0,,,,
599,7,44304,95.96049297147437,sw::redis::ConnectionOptions::~ConnectionOptions()+0x0,CALL,1,0x23a10,0x23a00,_ZN2sw5redis17ConnectionOptionsD2Ev,sw::redis::ConnectionOptions::~ConnectionOptions()
600,7,44311,95.97565466005328,freeReplyObject+0x0,CALL,0,,,,
601,7,44318,95.9908163486322,social_network::Post::read(apache::thrift::protocol::TProtocol*)+0x0,IND_CALL,0,,,,
602,7,44325,96.00597803721112,std::ios_base::_M_dispose_callbacks()+0x0,IND,0,,,,
603,7,44332,96.02113972579004,__errno_location@plt+0x0,CALL,0,,,,
604,7,44339,96.03630141436895,mongoc_cmd_parts_init+0x77,RET,0,,,,
605,7,44346,96.05146310294786,redisvFormatCommand+0x79e,RET,0,,,,
606,7,44353,96.06662479152678,social_network::Post::read(apache::thrift::protocol::TProtocol*)+0x2cf,RET,0,,,,
607,7,44360,96.0817864801057,social_network::Creator::read(apache::thrift::protocol::TProtocol*)+0x136,COND,0,,,,
608,7,44367,96.09694816868462,social_network::UserTimelineService_ReadUserTimeline_args::read(apache::thrift::protocol::TProtocol*)+0x39f,IND,0,,,,
609,6,44373,96.10994390175226,redisvFormatCommand+0x25a,IND,0,,,,
610,6,44379,96.1229396348199,_mongoc_write_concern_get_bson+0x0,IND,0,,,,
611,6,44385,96.13593536788754,bson_iter_init_find+0x45,RET,0,,,,
612,6,44391,96.14893110095518,bcon_append_ctx_va+0x8a,RET,0,,,,
613,6,44397,96.16192683402284,sw::redis::ConnectionPool::release(sw::redis::Connection)+0x0,CALL,1,0x26610,0x26600,_ZN2sw5redis14ConnectionPool7releaseENS0_10ConnectionE,sw::redis::ConnectionPool::release(sw::redis::Connection)
614,6,44403,96.17492256709048,jaegertracing::Span::~Span()+0xf2,RET,0,,,,
615,6,44409,96.18791830015812,_bcon_append_tokenize+0x66,IND,0,,,,
616,6,44415,96.20091403322576,_bson_append+0x130,UNCOND,0,,,,
617,6,44421,96.2139097662934,pthread_getattr_default_np+0x2c,RET,0,,,,
618,6,44427,96.22690549936104,_mongoc_cluster_stream_for_server+0x13d,COND,0,,,,
619,6,44433,96.23990123242869,bcon_append_ctx_va+0x7d,UNCOND,0,,,,
620,6,44439,96.25289696549633,jaegertracing::SpanContext::fromStream(std::istream&)+0x3fd,COND,0,,,,
621,6,44445,96.26589269856397,sdscatlen+0x44,IND,0,,,,
622,6,44451,96.27888843163161,mongoc_write_concern_is_acknowledged+0x0,IND,0,,,,
623,6,44457,96.29188416469925,bson_iter_init_find+0xcf,RET,0,,,,
624,6,44463,96.3048798977669,__libc_alloca_cutoff+0x3f,COND,0,,,,
625,6,44469,96.31787563083454,_mongoc_stream_writev_full+0x130,COND,0,,,,
626,6,44475,96.33087136390219,sdscatfmt+0x100,UNCOND,0,,,,
627,6,44481,96.34386709696983,apache::thrift::transport::TSocket::isOpen()+0x0,IND,0,,,,
628,6,44487,96.35686283003747,social_network::PostStorageService_ReadPosts_presult::read(apache::thrift::protocol::TProtocol*)+0x0,CALL,0,,,,
629,6,44493,96.36985856310511,redisAppendCommand+0x5d,COND,0,,,,
630,6,44499,96.38285429617275,__lll_lock_wait_private+0x0,CALL,0,,,,
631,6,44505,96.39585002924039,bson_destroy@plt+0x0,CALL,0,,,,
632,6,44511,96.40884576230805,_mongoc_client_session_new+0x8e,RET,0,,,,
633,6,44517,96.42184149537569,_bson_iter_next_internal+0x229,IND,0,,,,
634,6,44523,96.43483722844333,social_network::UserTimelineService_WriteUserTimeline_args::read(apache::thrift::protocol::TProtocol*)+0x446,COND,0,,,,
635,6,44529,96.44783296151097,social_network::UserTimelineService_ReadUserTimeline_args::read(apache::thrift::protocol::TProtocol*)+0xa0,UNCOND,0,,,,
636,6,44535,96.46082869457861,apache::thrift::protocol::TCompactProtocolFactoryT<apache::thrift::transport::TTransport>::getProtocol(std::shared_ptr<apache::thrift::transport::TTransport>)+0x17b,RET,0,,,,
637,6,44541,96.47382442764625,__libc_calloc+0xf7,UNCOND,0,,,,
638,6,44547,96.4868201607139,mongoc_collection_find_and_modify_with_opts+0x36b,RET,0,,,,
639,6,44553,96.49981589378154,apache::thrift::server::TConnectedClient::run()+0x180,COND,0,,,,
640,6,44559,96.51281162684919,_mongoc_rpc_scatter+0x1f4,UNCOND,0,,,,
641,6,44565,96.52580735991683,redisReaderGetReply+0x928,COND,0,,,,
642,6,44571,96.53880309298447,_bson_append_bson_begin+0xff,COND,0,,,,
643,6,44577,96.5517988260521,social_network::PostStorageService_ReadPosts_presult::read(apache::thrift::protocol::TProtocol*)+0xee,COND,0,,,,
644,6,44583,96.56479455911976,bson_get_monotonic_time+0x13,RET,0,,,,
645,6,44589,96.5777902921874,sdscat+0xbd,IND,0,,,,
646,6,44595,96.59078602525504,social_network::UserTimelineService_WriteUserTimeline_args::read(apache::thrift::protocol::TProtocol*)+0x416,UNCOND,0,,,,
647,6,44601,96.60378175832268,_parse_error_reply+0x0,CALL,0,,,,
648,6,44607,96.61677749139032,mongoc_read_concern_destroy+0x0,IND,0,,,,
649,6,44613,96.62977322445796,sdscatfmt+0x51c,COND,0,,,,
650,6,44619,96.64276895752562,mongoc_cluster_run_opmsg+0x2c3,RET,0,,,,
651,6,44625,96.65576469059326,std::ios_base::~ios_base()+0x4a,COND,0,,,,
652,6,44631,96.6687604236609,_bcon_append_tokenize+0x2c1,COND,0,,,,
653,6,44637,96.68175615672854,std::condition_variable::notify_one()+0x0,IND,0,,,,
654,6,44643,96.69475188979618,_ZN2sw5redis7CmdArgslsIRKdTnNSt9enable_ifIXsr3std13is_arithmeticINSt5decayIT_E4typeEEE5valueEiE4typeELi0EEERS1_OS7_+0x8f,RET,1,0x1f35f,0x1f340,_ZN2sw5redis7CmdArgslsIRKdTnNSt9enable_ifIXsr3std13is_arithmeticINSt5decayIT_E4typeEEE5valueEiE4typeELi0EEERS1_OS7_,"sw::redis::CmdArgs& sw::redis::CmdArgs::operator<<<double const&, 0>(double const&)"
655,6,44649,96.70774762286382,_mongoc_client_session_append_read_concern@plt+0x0,CALL,0,,,,
656,6,44655,96.72074335593148,bson_iter_as_int64+0x32,IND,0,,,,
657,6,44661,96.73373908899912,jaegertracing::reporters::RemoteReporter::sweepQueue()+0x14c,RET,0,,,,
658,5,44666,96.74456886655548,sdscatfmt+0x6e1,UNCOND,0,,,,
659,5,44671,96.75539864411185,redisvFormatCommand+0x4c5,RET,0,,,,
660,5,44676,96.76622842166822,bcon_append_ctx_va+0x4cb,IND,0,,,,
661,5,44681,96.77705819922458,social_network::UserTimelineService_ReadUserTimeline_args::read(apache::thrift::protocol::TProtocol*)+0x416,UNCOND,0,,,,
662,5,44686,96.78788797678095,__libc_calloc+0xd9,RET,0,,,,
663,5,44691,96.79871775433733,redisBufferWrite+0x8c,RET,0,,,,
664,5,44696,96.8095475318937,mongoc_client_pool_push+0x2d,RET,0,,,,
665,5,44701,96.82037730945007,jaegertracing::thrift::Span::__set_traceIdLow(long)+0x0,IND,0,,,,
666,5,44706,96.83120708700643,_bson_append+0xea,UNCOND,0,,,,
667,5,44711,96.8420368645628,bcon_append_ctx_va+0x560,IND,0,,,,
668,5,44716,96.85286664211917,sdscatfmt+0x816,COND,0,,,,
669,5,44721,96.86369641967553,jaegertracing::SpanContext::swap(jaegertracing::SpanContext&)+0x9d,COND,0,,,,
670,5,44726,96.87452619723192,mongoc_server_description_handle_ismaster+0x168,RET,0,,,,
671,5,44731,96.88535597478828,redisReaderGetReply+0x141,COND,0,,,,
672,5,44736,96.89618575234465,mongoc_cmd_parts_assemble+0x0,IND,0,,,,
673,5,44741,96.90701552990102,std::istream::get(char&)+0x41,UNCOND,0,,,,
674,5,44746,96.91784530745738,sw::redis::ConnectionPool::fetch()+0xb5,RET,1,0x25d45,0x25d40,_ZN2sw5redis14ConnectionPool5fetchEv,sw::redis::ConnectionPool::fetch()
675,5,44751,96.92867508501375,redisReaderGetReply+0xbf0,RET,0,,,,
676,5,44756,96.93950486257012,pthread_create+0xd05,RET,0,,,,
677,5,44761,96.95033464012648,memmove@plt+0x0,CALL,0,,,,
678,5,44766,96.96116441768287,std::ostream::sentry::sentry(std::ostream&)@plt+0x0,CALL,0,,,,
679,5,44771,96.97199419523923,social_network::UserTimelineService_WriteUserTimeline_args::read(apache::thrift::protocol::TProtocol*)+0x39f,IND,0,,,,
680,5,44776,96.9828239727956,pthread_create+0xc80,COND,0,,,,
681,5,44781,96.99365375035197,social_network::Post::read(apache::thrift::protocol::TProtocol*)+0x17c,RET,0,,,,
682,5,44786,97.00448352790833,social_network::Post::read(apache::thrift::protocol::TProtocol*)+0xd9,RET,0,,,,
683,5,44791,97.0153133054647,_mongoc_array_append_vals+0xab,RET,0,,,,
684,5,44796,97.02614308302107,social_network::Post::~Post()+0xc8,RET,0,,,,
685,5,44801,97.03697286057745,_mongoc_server_session_timed_out@plt+0x0,CALL,0,,,,
686,5,44806,97.04780263813382,pthread_cond_signal+0xb1,COND,0,,,,
687,5,44811,97.05863241569018,_mongoc_client_session_append_read_concern+0xa0,COND,0,,,,
688,5,44816,97.06946219324655,pthread_cond_clockwait+0x118,COND,0,,,,
689,5,44821,97.08029197080292,redisReaderFeed+0x207,UNCOND,0,,,,
690,5,44826,97.09112174835928,redisvFormatCommand+0x209,RET,0,,,,
691,5,44831,97.10195152591565,_bson_append+0x1b0,UNCOND,0,,,,
692,5,44836,97.11278130347203,mongoc_find_and_modify_opts_set_update+0x20,RET,0,,,,
693,5,44841,97.1236110810284,_mongoc_stream_socket_readv+0x154,COND,0,,,,
694,5,44846,97.13444085858477,bson_iter_next+0x1a,RET,0,,,,
695,5,44851,97.14527063614113,_IO_default_xsputn+0x49,UNCOND,0,,,,
696,5,44856,97.1561004136975,redisFormatSdsCommandArgv+0x91,COND,0,,,,
697,5,44861,97.16693019125387,social_network::Media::~Media()+0x0,IND_CALL,0,,,,
698,5,44866,97.17775996881024,_bson_iter_next_internal+0x3c8,UNCOND,0,,,,
699,5,44871,97.1885897463666,pthread_cond_clockwait+0x180,COND,0,,,,
700,5,44876,97.19941952392298,std::istream::get(char&)+0x4d,UNCOND,0,,,,
701,5,44881,97.21024930147935,bson_iter_init_find+0x6a,RET,0,,,,
702,5,44886,97.22107907903572,mongoc_cmd_parts_append_opts+0x40,RET,0,,,,
703,5,44891,97.23190885659209,_mongoc_cluster_select_server_id+0x0,CALL,0,,,,
704,5,44896,97.24273863414845,redisReaderFeed+0x129,IND,0,,,,
705,5,44901,97.25356841170482,bson_concat+0x44,UNCOND,0,,,,
706,5,44906,97.26439818926119,mongoc_stream_buffered_readv+0x2e,RET,0,,,,
707,5,44911,97.27522796681757,_mongoc_stream_writev_full+0xb3,RET,0,,,,
708,5,44916,97.28605774437393,mongoc_client_session_destroy+0x9f,RET,0,,,,
709,5,44921,97.2968875219303,__call_tls_dtors+0x0,CALL,0,,,,
710,4,44925,97.3055513439754,pthread_create+0xb75,RET,0,,,,
711,4,44929,97.31421516602049,sdscat+0x13,RET,0,,,,
712,4,44933,97.32287898806558,_mongoc_topology_update_last_used+0x28,COND,0,,,,
713,4,44937,97.33154281011068,bson_malloc0+0x14,RET,0,,,,
714,4,44941,97.34020663215577,apache::thrift::transport::TTransport::flush()+0x0,IND_CALL,0,,,,
715,4,44945,97.34887045420088,_dl_deallocate_tls+0x0,IND,0,,,,
716,4,44949,97.35753427624597,pthread_mutex_unlock+0xa7,COND,0,,,,
717,4,44953,97.36619809829106,bson_copy+0x2d,UNCOND,0,,,,
718,4,44957,97.37486192033616,redisGetReply+0x10f,RET,0,,,,
719,4,44961,97.38352574238125,sw::redis::ConnectionPool::fetch()+0x181,COND,1,0x25e11,0x25e00,_ZN2sw5redis14ConnectionPool5fetchEv,sw::redis::ConnectionPool::fetch()
720,4,44965,97.39218956442635,_IO_default_xsputn+0x1f0,COND,0,,,,
721,4,44969,97.40085338647144,mongoc_server_description_new_copy+0xa3,RET,0,,,,
722,4,44973,97.40951720851653,mongoc_read_concern_copy+0x2d,RET,0,,,,
723,4,44977,97.41818103056163,pthread_mutex_lock+0x11c,COND,0,,,,
724,4,44981,97.42684485260673,mongoc_stream_read@plt+0x0,CALL,0,,,,
725,4,44985,97.43550867465183,jaegertracing::TraceID::fromStream(std::istream&)+0xf1,COND,0,,,,
726,4,44989,97.44417249669692,redisvFormatCommand+0x7f1,COND,0,,,,
727,4,44993,97.45283631874202,std::ios_base::_M_dispose_callbacks()@plt+0x0,CALL,0,,,,
728,4,44997,97.46150014078711,sdscatfmt+0x6c,COND,0,,,,
729,4,45001,97.4701639628322,mongoc_stream_buffered_readv+0x171,RET,0,,,,
730,4,45005,97.4788277848773,_bson_append_bson_begin+0x0,UNCOND,0,,,,
731,4,45009,97.48749160692239,mongoc_cmd_parts_assemble+0x56b,COND,0,,,,
732,4,45013,97.49615542896748,mongoc_find_and_modify_opts_set_update@plt+0x0,CALL,0,,,,
733,4,45017,97.50481925101258,redisvFormatCommand+0x65d,COND,0,,,,
734,4,45021,97.51348307305769,mongoc_client_session_destroy+0x0,IND,0,,,,
735,4,45025,97.52214689510278,social_network::Post::~Post()+0xec,RET,0,,,,
736,4,45029,97.53081071714787,std::ios_base::~ios_base()+0x25,RET,0,,,,
737,4,45033,97.53947453919297,mongoc_server_description_handle_ismaster+0xaa2,COND,0,,,,
738,4,45037,97.54813836123806,_mongoc_client_session_handle_reply+0x140,COND,0,,,,
739,4,45041,97.55680218328315,redisReaderGetReply+0xc05,UNCOND,0,,,,
740,4,45045,97.56546600532825,std::chrono::_V2::system_clock::now()+0x22,RET,0,,,,
741,4,45049,97.57412982737334,social_network::UserTimelineService_WriteUserTimeline_args::read(apache::thrift::protocol::TProtocol*)+0xa0,UNCOND,0,,,,
742,4,45053,97.58279364941843,sendmsg+0x20,COND,0,,,,
743,4,45057,97.59145747146354,_bson_grow+0x132,RET,0,,,,
744,4,45061,97.60012129350864,redisBufferWrite+0x143,COND,0,,,,
745,4,45065,97.60878511555373,_mongoc_buffer_destroy+0x0,IND,0,,,,
746,4,45069,97.61744893759882,pthread_cond_signal+0x150,COND,0,,,,
747,4,45073,97.62611275964392,handle_not_master_error+0x160,COND,0,,,,
748,4,45077,97.63477658168901,social_network::Post::read(apache::thrift::protocol::TProtocol*)+0x10b,IND,0,,,,
749,4,45081,97.6434404037341,_ZN2sw5redis7CmdArgslsIRKdTnNSt9enable_ifIXsr3std13is_arithmeticINSt5decayIT_E4typeEEE5valueEiE4typeELi0EEERS1_OS7_+0x2d,RET,1,0x1f2fd,0x1f2c0,_ZN2sw5redis7CmdArgslsIRKdTnNSt9enable_ifIXsr3std13is_arithmeticINSt5decayIT_E4typeEEE5valueEiE4typeELi0EEERS1_OS7_,"sw::redis::CmdArgs& sw::redis::CmdArgs::operator<<<double const&, 0>(double const&)"
750,4,45085,97.6521042257792,_mongoc_stream_socket_writev+0x73,RET,0,,,,
751,4,45089,97.66076804782429,jaegertracing::SpanContext::fromStream(std::istream&)+0x135,COND,0,,,,
752,4,45093,97.6694318698694,mongoc_topology_description_server_by_id+0x0,IND,0,,,,
753,4,45097,97.67809569191449,sw::redis::ConnectionOptions::~ConnectionOptions()+0x22,COND,1,0x23a32,0x23a00,_ZN2sw5redis17ConnectionOptionsD2Ev,sw::redis::ConnectionOptions::~ConnectionOptions()
754,4,45101,97.68675951395959,_bson_append_bson_begin+0xdb,RET,0,,,,
755,4,45105,97.69542333600468,sw::redis::ConnectionOptions::ConnectionOptions(sw::redis::ConnectionOptions&&)+0x173,COND,1,0x24923,0x24900,_ZN2sw5redis17ConnectionOptionsC2EOS1_,sw::redis::ConnectionOptions::ConnectionOptions(sw::redis::ConnectionOptions&&)
756,4,45109,97.70408715804977,bson_append_document@plt+0x0,CALL,0,,,,
757,4,45113,97.71275098009487,mongoc_cmd_parts_assemble+0x41,COND,0,,,,
758,4,45117,97.72141480213996,mongoc_topology_server_timestamp+0x0,IND,0,,,,
759,4,45121,97.73007862418505,redisGetReply+0x6d,COND,0,,,,
760,4,45125,97.73874244623015,_mongoc_queue_push_head+0x0,IND,0,,,,
761,4,45129,97.74740626827526,bson_init_static+0x30,COND,0,,,,
762,4,45133,97.75607009032035,bson_iter_init_find@plt+0x0,CALL,0,,,,
763,4,45137,97.76473391236544,_mongoc_rpc_scatter+0x219,UNCOND,0,,,,
764,4,45141,97.77339773441054,redisFormatSdsCommandArgv+0x12f,RET,0,,,,
765,4,45145,97.78206155645563,_IO_default_xsputn+0xf3,COND,0,,,,
766,4,45149,97.79072537850072,_mongoc_stream_writev_full+0xa0,COND,0,,,,
767,4,45153,97.79938920054582,apache::thrift::server::TConnectedClient::run()+0x260,COND,0,,,,
768,4,45157,97.80805302259091,mongoc_cluster_run_opmsg+0x1fe,RET,0,,,,
769,4,45161,97.816716844636,_mongoc_array_append_vals+0x9c,COND,0,,,,
770,4,45165,97.82538066668111,apache::thrift::transport::TMemoryBuffer::~TMemoryBuffer()+0x28,RET,0,,,,
771,4,45169,97.8340444887262,createStringObject+0x0,IND_CALL,0,,,,
772,4,45173,97.8427083107713,_mongoc_array_append_vals@plt+0x0,CALL,0,,,,
773,4,45177,97.8513721328164,sdsMakeRoomFor+0x255,UNCOND,0,,,,
774,4,45181,97.86003595486149,redisReaderGetReply+0x1111,COND,0,,,,
775,4,45185,97.86869977690658,bson_strdupv_printf+0xea,COND,0,,,,
776,4,45189,97.87736359895167,__getpagesize+0x0,CALL,0,,,,
777,4,45193,97.88602742099677,_mongoc_client_session_new+0x0,IND,0,,,,
778,4,45197,97.89469124304186,jaegertracing::Span::~Span()+0x32,RET,0,,,,
779,4,45201,97.90335506508697,sdscatlen+0x56,RET,0,,,,
780,4,45205,97.91201888713206,mongoc_cmd_parts_assemble+0x3d0,RET,0,,,,
781,4,45209,97.92068270917716,strncmp@plt+0x0,CALL,0,,,,
782,4,45213,97.92934653122225,bson_iter_next@plt+0x0,CALL,0,,,,
783,3,45216,97.93584439775607,__libc_calloc+0x13f,UNCOND,0,,,,
784,3,45219,97.94234226428989,mongoc_read_prefs_destroy+0x0,IND,0,,,,
785,3,45222,97.94884013082371,mongoc_server_description_handle_ismaster+0x81,RET,0,,,,
786,3,45225,97.95533799735753,redisNetRead+0x6f,COND,0,,,,
787,3,45228,97.96183586389135,apache::thrift::transport::TSocket::openConnection(addrinfo*)+0x0,IND,0,,,,
788,3,45231,97.96833373042517,mongoc_server_description_compressor_id+0x55,COND,0,,,,
789,3,45234,97.97483159695899,mongoc_client_session_get_lsid@plt+0x0,CALL,0,,,,
790,3,45237,97.98132946349283,redisReaderGetReply+0x2d4,COND,0,,,,
791,3,45240,97.98782733002665,mongoc_socket_sendv+0x277,UNCOND,0,,,,
792,3,45243,97.99432519656047,pthread_cond_clockwait+0x14e,UNCOND,0,,,,
793,3,45246,98.00082306309429,apache::thrift::protocol::TProtocol::~TProtocol()+0x38,COND,0,,,,
794,3,45249,98.00732092962811,mongoc_topology_select_server_id+0x91,RET,0,,,,
795,3,45252,98.01381879616193,bcon_new+0xbf,RET,0,,,,
796,3,45255,98.02031666269575,apache::thrift::transport::TFramedTransport::isOpen()+0x0,IND,0,,,,
797,3,45258,98.02681452922957,sdscatlen+0xb2,IND,0,,,,
798,3,45261,98.03331239576339,jaegertracing::UDPTransport::flush()+0x92,RET,0,,,,
799,3,45264,98.03981026229721,mongoc_socket_recv+0x6e,RET,0,,,,
800,3,45267,98.04630812883103,sdscatfmt+0x253,IND,0,,,,
801,3,45270,98.05280599536485,jaegertracing::SpanContext::fromStream(std::istream&)+0x2e9,RET,0,,,,
802,3,45273,98.05930386189867,_mongoc_buffer_append_from_stream+0x108,UNCOND,0,,,,
803,3,45276,98.0658017284325,recv+0x30,COND,0,,,,
804,3,45279,98.07229959496632,mongoc_cmd_parts_cleanup+0x0,IND,0,,,,
805,3,45282,98.07879746150014,mongoc_socket_recv+0x7c,RET,0,,,,
806,3,45285,98.08529532803396,_mongoc_client_session_append_read_concern+0x156,COND,0,,,,
807,3,45288,98.09179319456779,redisvFormatCommand+0x89,UNCOND,0,,,,
808,3,45291,98.0982910611016,mongoc_cmd_parts_assemble+0x2a8,RET,0,,,,
809,3,45294,98.10478892763543,redisReaderGetReply+0xb82,COND,0,,,,
810,3,45297,98.11128679416925,_bson_append+0x106,RET,0,,,,
811,3,45300,98.11778466070307,_mongoc_get_command_name+0x6d,RET,0,,,,
812,3,45303,98.12428252723689,std::istream::get(char&)+0x3a,RET,0,,,,
813,3,45306,98.1307803937707,jaegertracing::reporters::RemoteReporter::sweepQueue()+0x70,RET,0,,,,
814,3,45309,98.13727826030453,vsnprintf@plt+0x0,CALL,0,,,,
815,3,45312,98.14377612683836,__madvise+0x0,CALL,0,,,,
816,3,45315,98.15027399337218,social_network::ServiceException::~ServiceException()+0x60,COND,0,,,,
817,3,45318,98.156771859906,_IO_setb+0x2c,COND,0,,,,
818,3,45321,98.16326972643982,mongoc_socket_recv+0x92,COND,0,,,,
819,3,45324,98.16976759297364,_mongoc_document_is_pipeline+0x58,RET,0,,,,
820,3,45327,98.17626545950746,social_network::UserMention::read(apache::thrift::protocol::TProtocol*)+0x136,COND,0,,,,
821,3,45330,98.18276332604128,mongoc_cluster_run_opmsg+0x76,COND,0,,,,
822,3,45333,98.1892611925751,pthread_mutex_lock+0x5a,UNCOND,0,,,,
823,3,45336,98.19575905910892,sdsMakeRoomFor+0x36,IND,0,,,,
824,3,45339,98.20225692564274,mongoc_cluster_run_command_monitored+0x3bb,COND,0,,,,
825,3,45342,98.20875479217656,_mongoc_queue_push_head+0x1e,RET,0,,,,
826,3,45345,98.21525265871038,mongoc_cluster_stream_for_writes@plt+0x0,CALL,0,,,,
827,3,45348,98.22175052524422,apache::thrift::transport::TFramedTransport::flush()+0x40,RET,0,,,,
828,3,45351,98.22824839177804,redisvFormatCommand+0x103,RET,0,,,,
829,3,45354,98.23474625831186,_mongoc_topology_scanner_set_cluster_time+0x16,RET,0,,,,
830,3,45357,98.24124412484568,__clone+0x3e,COND,0,,,,
831,3,45360,98.2477419913795,jaegertracing::Span::~Span()+0x97,RET,0,,,,
832,3,45363,98.25423985791332,_mongoc_cmd_check_ok_no_wce+0x93,COND,0,,,,
833,3,45366,98.26073772444714,bson_append_bool+0x31,COND,0,,,,
834,3,45369,98.26723559098096,redisvFormatCommand+0x60,COND,0,,,,
835,3,45372,98.27373345751478,sw::redis::ConnectionOptions::~ConnectionOptions()+0xb5,COND,1,0x23ac5,0x23ac0,_ZN2sw5redis17ConnectionOptionsD2Ev,sw::redis::ConnectionOptions::~ConnectionOptions()
836,3,45375,98.2802313240486,mongoc_server_description_handle_ismaster+0x5a9,RET,0,,,,
837,3,45378,98.28672919058242,mongoc_collection_find_and_modify_with_opts+0x12b,COND,0,,,,
838,3,45381,98.29322705711624,bson_init@plt+0x0,CALL,0,,,,
839,3,45384,98.29972492365007,sdsMakeRoomFor+0x14f,RET,0,,,,
840,3,45387,98.3062227901839,mongoc_server_description_compressor_id+0x1f,RET,0,,,,
841,3,45390,98.31272065671772,bson_snprintf+0x9b,UNCOND,0,,,,
842,3,45393,98.31921852325154,__libc_calloc+0x120,COND,0,,,,
843,3,45396,98.32571638978536,mongoc_collection_find_and_modify_with_opts+0xdd,RET,0,,,,
844,3,45399,98.33221425631918,redisGetReply+0x54,COND,0,,,,
845,3,45402,98.338712122853,mongoc_server_description_handle_ismaster+0x51b,RET,0,,,,
846,3,45405,98.34520998938682,createStringObject+0xbf,RET,0,,,,
847,3,45408,98.35170785592064,std::ios_base::ios_base()+0x48,COND,0,,,,
848,3,45411,98.35820572245446,_mongoc_client_session_in_txn@plt+0x0,CALL,0,,,,
849,3,45414,98.36470358898828,mongoc_set_get+0x49,COND,0,,,,
850,3,45417,98.3712014555221,redisGetReply+0x36,RET,0,,,,
851,3,45420,98.37769932205593,sdsMakeRoomFor+0xf2,COND,0,,,,
852,3,45423,98.38419718858975,mongoc_collection_find_and_modify_with_opts+0x33a,COND,0,,,,
853,3,45426,98.39069505512357,jaegertracing::SpanContext::fromStream(std::istream&)+0x234,COND,0,,,,
854,3,45429,98.39719292165739,bson_get_monotonic_time+0x0,IND,0,,,,
855,3,45432,98.40369078819121,sw::redis::Connection::send(sw::redis::CmdArgs&)+0xaf,COND,1,0x2343f,0x23400,_ZN2sw5redis10Connection4sendERNS0_7CmdArgsE,sw::redis::Connection::send(sw::redis::CmdArgs&)
856,3,45435,98.41018865472503,sdscatfmt+0x0,CALL,0,,,,
857,3,45438,98.41668652125885,jaegertracing::TraceID::fromStream(std::istream&)+0x25,RET,0,,,,
858,3,45441,98.42318438779267,redisBufferWrite+0x73,IND,0,,,,
859,3,45444,98.4296822543265,redisFormatSdsCommandArgv+0x1a3,UNCOND,0,,,,
860,3,45447,98.43618012086031,redisReaderGetReply+0xf3c,COND,0,,,,
861,3,45450,98.44267798739413,social_network::Post::read(apache::thrift::protocol::TProtocol*)+0x36f,RET,0,,,,
862,3,45453,98.44917585392795,mongoc_write_concern_destroy+0x2a,COND,0,,,,
863,3,45456,98.45567372046177,jaegertracing::SpanContext::fromStream(std::istream&)+0x4af,RET,0,,,,
864,3,45459,98.46217158699561,mongoc_socket_recv+0x40,COND,0,,,,
865,3,45462,98.46866945352943,redisReaderGetReply+0xefc,IND,0,,,,
866,3,45465,98.47516732006325,_bson_append+0x1ac,COND,0,,,,
867,3,45468,98.48166518659707,social_network::Media::read(apache::thrift::protocol::TProtocol*)+0x0,IND_CALL,0,,,,
868,3,45471,98.48816305313089,jaegertracing::TraceID::fromStream(std::istream&)+0x1e2,COND,0,,,,
869,3,45474,98.49466091966471,redisvFormatCommand+0x343,COND,0,,,,
870,3,45477,98.50115878619853,mongoc_cluster_check_interval+0x0,IND,0,,,,
871,3,45480,98.50765665273235,jaegertracing::SpanContext::swap(jaegertracing::SpanContext&)@plt+0x0,CALL,0,,,,
872,2,45482,98.5119885637549,__res_context_search+0x474,COND,0,,,,
873,2,45484,98.51632047477744,__res_context_hostalias+0x0,CALL,0,,,,
874,2,45486,98.52065238579999,_bcon_append_tokenize+0xcf,IND,0,,,,
875,2,45488,98.52498429682254,social_network::UserTimelineService_ReadUserTimeline_args::read(apache::thrift::protocol::TProtocol*)+0x446,COND,0,,,,
876,2,45490,98.52931620784508,_mongoc_collection_new+0xc0,RET,0,,,,
877,2,45492,98.53364811886763,social_network::Post::~Post()+0x12c,COND,0,,,,
878,2,45494,98.53798002989019,social_network::UserMention::~UserMention()+0x0,IND_CALL,0,,,,
879,2,45496,98.54231194091274,mongoc_error_has_label@plt+0x0,CALL,0,,,,
880,2,45498,98.54664385193529,redisvFormatCommand+0x3ca,COND,0,,,,
881,2,45500,98.55097576295783,sdscat+0x0,CALL,0,,,,
882,2,45502,98.55530767398038,sdscatvprintf+0xd8,RET,0,,,,
883,2,45504,98.55963958500293,bson_append_array_end+0x0,IND,0,,,,
884,2,45506,98.56397149602547,jaegertracing::SpanContext::fromStream(std::istream&)@plt+0x0,CALL,0,,,,
885,2,45508,98.56830340704802,bson_strdup@plt+0x0,CALL,0,,,,
886,2,45510,98.57263531807057,redisvFormatCommand+0x6e7,UNCOND,0,,,,
887,2,45512,98.57696722909311,pthread_mutex_lock+0x13f,COND,0,,,,
888,2,45514,98.58129914011566,sdscatfmt+0x680,COND,0,,,,
889,2,45516,98.58563105113821,pthread_create+0x241,UNCOND,0,,,,
890,2,45518,98.58996296216075,redisvFormatCommand+0x1fb,COND,0,,,,
891,2,45520,98.5942948731833,jaegertracing::thrift::SpanRef::__set_refType(jaegertracing::thrift::SpanRefType::type)+0x0,IND,0,,,,
892,2,45522,98.59862678420585,sdscatvprintf+0xcb,COND,0,,,,
893,2,45524,98.6029586952284,_mongoc_rpc_swab_from_le@plt+0x0,CALL,0,,,,
894,2,45526,98.60729060625094,memcmp@plt+0x0,CALL,0,,,,
895,2,45528,98.61162251727349,freeReplyObject+0x73,COND,0,,,,
896,2,45530,98.61595442829605,mongoc_server_description_handle_ismaster+0x135,RET,0,,,,
897,2,45532,98.6202863393186,social_network::Post::read(apache::thrift::protocol::TProtocol*)+0x69e,RET,0,,,,
898,2,45534,98.62461825034114,bson_destroy+0x1e,RET,0,,,,
899,2,45536,98.62895016136369,mongoc_set_add+0x75,COND,0,,,,
900,2,45538,98.63328207238624,bson_append_int64@plt+0x0,CALL,0,,,,
901,2,45540,98.63761398340878,apache::thrift::protocol::TCompactProtocolFactoryT<apache::thrift::transport::TTransport>::getProtocol(std::shared_ptr<apache::thrift::transport::TTransport>)+0x166,COND,0,,,,
902,2,45542,98.64194589443133,mongoc_cmd_parts_init@plt+0x0,CALL,0,,,,
903,2,45544,98.64627780545388,mongoc_server_description_handle_ismaster+0x1ae,RET,0,,,,
904,2,45546,98.65060971647642,std::istream::get(char&)+0xbe,RET,0,,,,
905,2,45548,98.65494162749897,social_network::Post::~Post()+0x80,COND,0,,,,
906,2,45550,98.65927353852152,mongoc_cmd_parts_init+0x53,RET,0,,,,
907,2,45552,98.66360544954406,_mongoc_client_session_txn_in_progress@plt+0x0,CALL,0,,,,
908,2,45554,98.66793736056661,_bson_append_bson_begin+0x13f,UNCOND,0,,,,
909,2,45556,98.67226927158916,redisvFormatCommand+0x744,RET,0,,,,
910,2,45558,98.6766011826117,redisNetWrite+0x57,RET,0,,,,
911,2,45560,98.68093309363425,redisvFormatCommand+0x513,RET,0,,,,
912,2,45562,98.6852650046568,_mongoc_rpc_scatter@plt+0x0,CALL,0,,,,
913,2,45564,98.68959691567935,bson_has_field+0x2f,RET,0,,,,
914,2,45566,98.6939288267019,mongoc_socket_sendv+0x284,RET,0,,,,
915,2,45568,98.69826073772445,jaegertracing::TraceID::fromStream(std::istream&)+0x1b3,RET,0,,,,
916,2,45570,98.702592648747,bson_new+0xb,RET,0,,,,
917,2,45572,98.70692455976955,_mongoc_client_push_server_session+0x0,IND,0,,,,
918,2,45574,98.7112564707921,pthread_create+0xcea,COND,0,,,,
919,2,45576,98.71558838181464,sdscatlen+0xa5,IND,0,,,,
920,2,45578,98.71992029283719,sdsMakeRoomFor+0xcd,UNCOND,0,,,,
921,2,45580,98.72425220385973,_mongoc_stream_socket_writev+0x29,RET,0,,,,
922,2,45582,98.72858411488228,_bson_append+0x153,UNCOND,0,,,,
923,2,45584,98.73291602590483,mongoc_collection_find_and_modify_with_opts@plt+0x0,CALL,0,,,,
924,2,45586,98.73724793692737,pthread_create+0xac7,RET,0,,,,
925,2,45588,98.74157984794992,__res_context_send+0xc18,COND,0,,,,
926,2,45590,98.74591175897247,_mongoc_buffer_fill@plt+0x0,CALL,0,,,,
927,2,45592,98.75024366999502,mongoc_cluster_run_opmsg+0x463,RET,0,,,,
928,2,45594,98.75457558101756,sendmsg+0x0,IND,0,,,,
929,2,45596,98.75890749204011,redisAppendCommand+0x92,RET,0,,,,
930,2,45598,98.76323940306266,mongoc_set_rm+0x49,COND,0,,,,
931,2,45600,98.7675713140852,bcon_append_ctx_va+0x650,IND,0,,,,
932,2,45602,98.77190322510775,sw::redis::ConnectionOptions::~ConnectionOptions()+0x7c,COND,1,0x23a8c,0x23a80,_ZN2sw5redis17ConnectionOptionsD2Ev,sw::redis::ConnectionOptions::~ConnectionOptions()
933,2,45604,98.77623513613031,bson_concat@plt+0x0,CALL,0,,,,
934,2,45606,98.78056704715286,redisBufferWrite+0x189,IND,0,,,,
935,2,45608,98.7848989581754,_dl_allocate_tls_init+0x18b,RET,0,,,,
936,2,45610,98.78923086919795,_mongoc_collection_new+0x8d,RET,0,,,,
937,2,45612,98.7935627802205,apache::thrift::transport::TFramedTransport::readFrame()+0xb5,UNCOND,0,,,,
938,2,45614,98.79789469124304,mongoc_server_description_handle_ismaster+0x177,RET,0,,,,
939,2,45616,98.80222660226559,jaegertracing::TraceID::fromStream(std::istream&)+0x251,RET,0,,,,
940,2,45618,98.80655851328814,bson_sized_new+0x1b,RET,0,,,,
941,2,45620,98.81089042431068,sdscatfmt+0x3e0,COND,0,,,,
942,2,45622,98.81522233533323,_mongoc_client_session_new+0x75,RET,0,,,,
943,2,45624,98.81955424635578,jaegertracing::TraceID::fromStream(std::istream&)+0x63,UNCOND,0,,,,
944,2,45626,98.82388615737833,apache::thrift::transport::TFramedTransport::readEnd()+0x0,IND_CALL,0,,,,
945,2,45628,98.82821806840087,jaegertracing::TraceID::fromStream(std::istream&)@plt+0x0,CALL,0,,,,
946,2,45630,98.83254997942342,sdscat+0x64,RET,0,,,,
947,2,45632,98.83688189044597,mongoc_server_description_reset+0xe0,RET,0,,,,
948,2,45634,98.84121380146851,__dynamic_cast@plt+0x0,CALL,0,,,,
949,2,45636,98.84554571249106,mongoc_cmd_parts_assemble+0x285,RET,0,,,,
950,2,45638,98.8498776235136,redisFormatSdsCommandArgv+0x1ed,COND,0,,,,
951,2,45640,98.85420953453617,sdscatfmt+0x134,IND,0,,,,
952,2,45642,98.85854144555871,redisvFormatCommand+0x4f6,COND,0,,,,
953,2,45644,98.86287335658126,mongoc_collection_find_and_modify_with_opts+0x525,COND,0,,,,
954,2,45646,98.86720526760381,bson_append_bool@plt+0x0,CALL,0,,,,
955,2,45648,98.87153717862635,sdscatvprintf+0x22,RET,0,,,,
956,2,45650,98.8758690896489,bson_has_field+0x64,UNCOND,0,,,,
957,2,45652,98.88020100067145,sdscatfmt+0x708,COND,0,,,,
958,2,45654,98.884532911694,mongoc_socket_recv+0x54,UNCOND,0,,,,
959,2,45656,98.88886482271654,__call_tls_dtors+0x5d,COND,0,,,,
960,2,45658,98.89319673373909,send@plt+0x0,CALL,0,,,,
961,2,45660,98.89752864476164,social_network::Post::read(apache::thrift::protocol::TProtocol*)+0x24a,IND,0,,,,
962,2,45662,98.90186055578418,mongoc_topology_server_timestamp+0x26,RET,0,,,,
963,2,45664,98.90619246680673,_mongoc_collection_new+0x115,RET,0,,,,
964,2,45666,98.91052437782928,social_network::Post::read(apache::thrift::protocol::TProtocol*)+0x1c3,IND,0,,,,
965,2,45668,98.91485628885182,bson_iter_bool@plt+0x0,CALL,0,,,,
966,2,45670,98.91918819987437,mongoc_cluster_run_opmsg+0x1d8,COND,0,,,,
967,2,45672,98.92352011089692,_dl_allocate_tls_init+0x13e,COND,0,,,,
968,2,45674,98.92785202191946,social_network::UserMention::read(apache::thrift::protocol::TProtocol*)+0x95,RET,0,,,,
969,2,45676,98.93218393294202,social_network::Url::read(apache::thrift::protocol::TProtocol*)+0x0,IND_CALL,0,,,,
970,2,45678,98.93651584396457,pthread_cond_signal@plt+0x0,UNCOND,0,,,,
971,2,45680,98.94084775498712,jaegertracing::TraceID::fromStream(std::istream&)+0x20a,RET,0,,,,
972,2,45682,98.94517966600966,mongoc_topology_select_server_id+0x297,RET,0,,,,
973,2,45684,98.94951157703221,mongoc_collection_find_and_modify_with_opts+0x30d,RET,0,,,,
974,2,45686,98.95384348805476,strchr@plt+0x0,CALL,0,,,,
975,2,45688,98.9581753990773,_mongoc_collection_new+0x43,RET,0,,,,
976,2,45690,98.96250731009985,mongoc_cluster_run_command_monitored+0x301,RET,0,,,,
977,2,45692,98.9668392211224,redisvFormatCommand+0x5ef,COND,0,,,,
978,2,45694,98.97117113214495,social_network::PostStorageService_ReadPosts_presult::read(apache::thrift::protocol::TProtocol*)+0x260,COND,0,,,,
979,2,45696,98.97550304316749,social_network::Post::~Post()+0xaf,RET,0,,,,
980,2,45698,98.97983495419004,sw::redis::Connection::send(sw::redis::CmdArgs&)+0x0,CALL,1,0x23390,0x23380,_ZN2sw5redis10Connection4sendERNS0_7CmdArgsE,sw::redis::Connection::send(sw::redis::CmdArgs&)
981,2,45700,98.98416686521259,_mongoc_client_session_append_txn+0x9e,COND,0,,,,
982,2,45702,98.98849877623513,redisReaderGetReply+0xbc4,COND,0,,,,
983,2,45704,98.99283068725768,mongoc_collection_find_and_modify_with_opts+0x1fc,RET,0,,,,
984,2,45706,98.99716259828023,sw::redis::ConnectionOptions::~ConnectionOptions()+0x5e,COND,1,0x23a6e,0x23a40,_ZN2sw5redis17ConnectionOptionsD2Ev,sw::redis::ConnectionOptions::~ConnectionOptions()
985,2,45708,99.00149450930277,__poll+0x20,COND,0,,,,
986,2,45710,99.00582642032532,_mongoc_write_concern_get_bson@plt+0x0,CALL,0,,,,
987,2,45712,99.01015833134787,mongoc_collection_find_and_modify_with_opts+0x6c7,COND,0,,,,
988,2,45714,99.01449024237043,pthread_create+0x603,COND,0,,,,
989,2,45716,99.01882215339297,bson_strdup_printf+0x5b,COND,0,,,,
990,2,45718,99.02315406441552,mongoc_collection_find_and_modify_with_opts+0x683,COND,0,,,,
991,2,45720,99.02748597543807,__res_context_send+0xef0,COND,0,,,,
992,2,45722,99.03181788646062,mongoc_cluster_run_opmsg+0x163,COND,0,,,,
993,2,45724,99.03614979748316,social_network::Post::read(apache::thrift::protocol::TProtocol*)+0x166,COND,0,,,,
994,2,45726,99.04048170850571,sw::redis::SafeConnection::~SafeConnection()+0x38,RET,1,0x36f08,0x36f00,_ZN2sw5redis14SafeConnectionD2Ev,sw::redis::SafeConnection::~SafeConnection()
995,2,45728,99.04481361952826,sw::redis::Connection::recv()+0x2e,RET,1,0x2349e,0x23480,_ZN2sw5redis10Connection4recvEv,sw::redis::Connection::recv()
996,2,45730,99.0491455305508,mongoc_collection_destroy+0x25,COND,0,,,,
997,2,45732,99.05347744157335,redisReaderGetReply+0x8f,RET,0,,,,
998,2,45734,99.0578093525959,freeReplyObject+0x2a,COND,0,,,,
999,2,45736,99.06214126361844,sdsrange+0x0,CALL,0,,,,
1000,2,45738,99.06647317464099,bson_malloc0@plt+0x0,CALL,0,,,,
1001,2,45740,99.07080508566354,_mongoc_topology_push_server_session+0xaa,COND,0,,,,
1002,2,45742,99.07513699668608,mongoc_collection_find_and_modify_with_opts+0x1a5,RET,0,,,,
1003,2,45744,99.07946890770863,bson_iter_init@plt+0x0,CALL,0,,,,
1004,2,45746,99.08380081873118,apache::thrift::protocol::TProtocolDefaults::TProtocolDefaults(std::shared_ptr<apache::thrift::transport::TTransport>)+0x51,COND,0,,,,
1005,2,45748,99.08813272975372,mongoc_client_pool_pop@plt+0x0,CALL,0,,,,
1006,2,45750,99.09246464077629,mongoc_server_description_new_copy+0xca,RET,0,,,,
1007,2,45752,99.09679655179883,mongoc_topology_server_timestamp+0x18,RET,0,,,,
1008,2,45754,99.10112846282138,mongoc_client_pool_push+0x61,COND,0,,,,
1009,2,45756,99.10546037384393,mongoc_server_description_handle_ismaster+0x4a5,RET,0,,,,
1010,2,45758,99.10979228486647,_mongoc_cluster_stream_for_server+0x809,RET,0,,,,
1011,2,45760,99.11412419588902,_dl_deallocate_tls+0x3e,RET,0,,,,
1012,2,45762,99.11845610691157,_mongoc_get_command_name@plt+0x0,CALL,0,,,,
1013,2,45764,99.12278801793411,recv+0xa8,COND,0,,,,
1014,2,45766,99.12711992895666,realloc+0x33,COND,0,,,,
1015,2,45768,99.1314518399792,mongoc_socket_sendv+0x55,RET,0,,,,
1016,2,45770,99.13578375100175,redisReaderGetReply+0xe4a,UNCOND,0,,,,
1017,2,45772,99.1401156620243,sdsrange+0x63,COND,0,,,,
1018,2,45774,99.14444757304685,_mongoc_rpc_gather+0x448,RET,0,,,,
1019,2,45776,99.1487794840694,jaegertracing::thrift::Span::__set_duration(long)@plt+0x0,CALL,0,,,,
1020,2,45778,99.15311139509194,bcon_append_ctx_va+0x342,COND,0,,,,
1021,2,45780,99.15744330611449,bson_iter_int32@plt+0x0,CALL,0,,,,
1022,2,45782,99.16177521713703,_mongoc_client_session_handle_reply+0xc0,UNCOND,0,,,,
1023,2,45784,99.16610712815958,mongoc_set_rm+0x70,COND,0,,,,
1024,2,45786,99.17043903918214,_mongoc_buffer_fill+0xba,COND,0,,,,
1025,2,45788,99.17477095020469,pthread_mutex_unlock+0x9d,RET,0,,,,
1026,2,45790,99.17910286122724,bson_has_field+0x58,COND,0,,,,
1027,2,45792,99.18343477224978,mongoc_write_concern_destroy+0x18,RET,0,,,,
1028,2,45794,99.18776668327233,redisReaderGetReply+0x580,COND,0,,,,
1029,2,45796,99.19209859429488,mongoc_server_description_reset+0x2a,RET,0,,,,
1030,2,45798,99.19643050531742,pthread_rwlock_rdlock+0x0,CALL,0,,,,
1031,2,45800,99.20076241633997,social_network::ThriftClient<social_network::PostStorageServiceClient>::IsConnected()+0x0,IND_CALL,0,,,,
1032,2,45802,99.20509432736252,_mongoc_topology_push_server_session+0xc3,COND,0,,,,
1033,2,45804,99.20942623838506,redisFormatSdsCommandArgv+0xc5,UNCOND,0,,,,
1034,2,45806,99.21375814940761,_parse_error_reply+0x66,COND,0,,,,
1035,2,45808,99.21809006043016,jaegertracing::SpanContext::fromStream(std::istream&)+0x414,RET,0,,,,
1036,2,45810,99.2224219714527,std::thread::join()+0x17,RET,0,,,,
1037,2,45812,99.22675388247525,bson_strdupv_printf+0x72,UNCOND,0,,,,
1038,2,45814,99.2310857934978,social_network::ThriftClient<social_network::PostStorageServiceClient>::Connect()+0x0,IND_CALL,0,,,,
1039,2,45816,99.23541770452034,mongoc_cmd_parts_assemble+0x158,COND,0,,,,
1040,2,45818,99.23974961554289,bson_iter_init_find+0x88,RET,0,,,,
1041,2,45820,99.24408152656544,jaegertracing::SpanContext::fromStream(std::istream&)+0x3c7,COND,0,,,,
1042,2,45822,99.248413437588,jaegertracing::Span::~Span()+0x77,COND,0,,,,
1043,2,45824,99.25274534861055,mongoc_write_concern_destroy+0x0,IND,0,,,,
1044,2,45826,99.25707725963309,sdscat+0x52,IND,0,,,,
1045,2,45828,99.26140917065564,mongoc_collection_find_and_modify_with_opts+0x234,COND,0,,,,
1046,2,45830,99.26574108167819,mongoc_set_rm+0xc6,COND,0,,,,
1047,1,45831,99.26790703718946,sw::redis::Connection::send(sw::redis::CmdArgs&)+0x14,RET,1,0x233a4,0x23380,_ZN2sw5redis10Connection4sendERNS0_7CmdArgsE,sw::redis::Connection::send(sw::redis::CmdArgs&)
1048,1,45832,99.27007299270073,ns_name_unpack+0xe8,COND,0,,,,
1049,1,45833,99.272238948212,malloc+0xf9,COND,0,,,,
1050,1,45834,99.27440490372328,__res_context_send+0xcf9,COND,0,,,,
1051,1,45835,99.27657085923455,mongoc_collection_find_and_modify+0x5d,RET,0,,,,
1052,1,45836,99.27873681474583,_allow_txn_number+0x36,RET,0,,,,
1053,1,45837,99.2809027702571,mongoc_socket_recv@plt+0x0,CALL,0,,,,
1054,1,45838,99.28306872576837,_IO_file_doallocate+0x0,IND_CALL,0,,,,
1055,1,45839,99.28523468127965,recv@plt+0x0,CALL,0,,,,
1056,1,45840,99.28740063679092,__mprotect+0x0,CALL,0,,,,
1057,1,45841,99.2895665923022,social_network::Post::~Post()+0x88,RET,0,,,,
1058,1,45842,99.29173254781347,pthread_mutex_unlock+0x70,COND,0,,,,
1059,1,45843,99.29389850332474,bson_copy+0x72,COND,0,,,,
1060,1,45844,99.29606445883601,_Unwind_Find_FDE+0x96,RET,0,,,,
1061,1,45845,99.29823041434729,_bcon_append_tokenize+0x74,COND,0,,,,
1062,1,45846,99.30039636985856,_dl_deallocate_tls+0x28,COND,0,,,,
1063,1,45847,99.30256232536983,social_network::Post::read(apache::thrift::protocol::TProtocol*)+0x560,COND,0,,,,
1064,1,45848,99.30472828088111,mongoc_server_description_handle_ismaster+0x2c5,RET,0,,,,
1065,1,45849,99.30689423639238,mongoc_cmd_parts_assemble+0x1c8,RET,0,,,,
1066,1,45850,99.30906019190365,sw::redis::ConnectionOptions::~ConnectionOptions()+0x40,COND,1,0x23a50,0x23a40,_ZN2sw5redis17ConnectionOptionsD2Ev,sw::redis::ConnectionOptions::~ConnectionOptions()
1067,1,45851,99.31122614741493,mongoc_client_session_destroy+0xcf,RET,0,,,,
1068,1,45852,99.3133921029262,getenv+0xa0,COND,0,,,,
1069,1,45853,99.31555805843747,gethostbyname2_r+0x130,COND,0,,,,
1070,1,45854,99.31772401394875,_IO_getline+0x0,CALL,0,,,,
1071,1,45855,99.31988996946002,redisvFormatCommand+0x78,RET,0,,,,
1072,1,45856,99.3220559249713,pthread_once+0x10,COND,0,,,,
1073,1,45857,99.32422188048257,_dl_allocate_tls_init+0x14d,RET,0,,,,
1074,1,45858,99.32638783599384,_redisContextConnectTcp+0x33a,RET,0,,,,
1075,1,45859,99.32855379150513,jaegertracing::UDPTransport::flush()+0x0,IND_CALL,0,,,,
1076,1,45860,99.3307197470164,mongoc_collection_find_and_modify_with_opts+0x6ad,RET,0,,,,
1077,1,45861,99.33288570252768,jaegertracing::Span::~Span()+0x9,RET,0,,,,
1078,1,45862,99.33505165803895,social_network::UserTimelineService_ReadUserTimeline_args::read(apache::thrift::protocol::TProtocol*)+0x453,RET,0,,,,
1079,1,45863,99.33721761355022,__cxa_free_exception+0x0,IND,0,,,,
1080,1,45864,99.3393835690615,redisvFormatCommand+0xe0,COND,0,,,,
1081,1,45865,99.34154952457277,sw::redis::ConnectionOptions::~ConnectionOptions()+0x9a,COND,1,0x23aaa,0x23a80,_ZN2sw5redis17ConnectionOptionsD2Ev,sw::redis::ConnectionOptions::~ConnectionOptions()
1082,1,45866,99.34371548008404,apache::thrift::transport::TSocket::~TSocket()+0xd3,COND,0,,,,
1083,1,45867,99.34588143559532,gethostbyname2_r+0x1a9,RET,0,,,,
1084,1,45868,99.34804739110659,apache::thrift::concurrency::PthreadThread::~PthreadThread()+0x0,IND,0,,,,
1085,1,45869,99.35021334661786,mongoc_read_concern_destroy@plt+0x0,CALL,0,,,,
1086,1,45870,99.35237930212914,bson_copy@plt+0x0,CALL,0,,,,
1087,1,45871,99.35454525764041,_Unwind_RaiseException+0x0,IND,0,,,,
1088,1,45872,99.35671121315168,mongoc_server_description_handle_ismaster+0x1bd,RET,0,,,,
1089,1,45873,99.35887716866296,sw::redis::ConnectionOptions::~ConnectionOptions()+0xe5,COND,0,,,,
1090,1,45874,99.36104312417423,redisvFormatCommand+0x675,RET,0,,,,
1091,1,45875,99.3632090796855,sw::redis::ConnectionOptions::~ConnectionOptions()+0xcd,COND,0,,,,
1092,1,45876,99.36537503519678,mongoc_server_description_reset@plt+0x0,CALL,0,,,,
1093,1,45877,99.36754099070805,social_network::PostStorageService_ReadPosts_presult::read(apache::thrift::protocol::TProtocol*)+0x1f3,UNCOND,0,,,,
1094,1,45878,99.36970694621932,apache::thrift::transport::TServerTransport::accept()+0x13,RET,0,,,,
1095,1,45879,99.3718729017306,_mongoc_topology_update_cluster_time@plt+0x0,CALL,0,,,,
1096,1,45880,99.37403885724187,mongoc_collection_find_and_modify@plt+0x0,CALL,0,,,,
1097,1,45881,99.37620481275314,social_network::PostStorageService_ReadPosts_presult::read(apache::thrift::protocol::TProtocol*)+0x70,UNCOND,0,,,,
1098,1,45882,99.37837076826442,social_network::UserTimelineService_WriteUserTimeline_args::read(apache::thrift::protocol::TProtocol*)+0x42d,COND,0,,,,
1099,1,45883,99.38053672377569,bson_concat+0x39,COND,0,,,,
1100,1,45884,99.38270267928696,bson_iter_as_int64@plt+0x0,CALL,0,,,,
1101,1,45885,99.38486863479824,mongoc_find_and_modify_opts_destroy@plt+0x0,CALL,0,,,,
1102,1,45886,99.38703459030951,mongoc_socket_sendv+0x10b,RET,0,,,,
1103,1,45887,99.38920054582078,_bson_append+0x190,COND,0,,,,
1104,1,45888,99.39136650133206,social_network::PostStorageService_ReadPosts_presult::read(apache::thrift::protocol::TProtocol*)+0x89,RET,0,,,,
1105,1,45889,99.39353245684333,mongoc_write_concern_is_valid@plt+0x0,CALL,0,,,,
1106,1,45890,99.3956984123546,social_network::Post::~Post()+0x38,RET,0,,,,
1107,1,45891,99.39786436786588,_mongoc_rpc_gather+0x395,RET,0,,,,
1108,1,45892,99.40003032337715,sdscatlen+0x37,IND,0,,,,
1109,1,45893,99.40219627888843,mongoc_cmd_parts_assemble+0x808,COND,0,,,,
1110,1,45894,99.4043622343997,CRYPTO_clear_free+0x0,UNCOND,0,,,,
1111,1,45895,99.40652818991099,_Unwind_Resume+0x192,COND,0,,,,
1112,1,45896,99.40869414542226,social_network::UserTimelineService_ReadUserTimeline_args::read(apache::thrift::protocol::TProtocol*)+0x379,IND,0,,,,
1113,1,45897,99.41086010093353,jaegertracing::SpanContext::fromStream(std::istream&)+0x464,RET,0,,,,
1114,1,45898,99.4130260564448,bson_malloc@plt+0x0,CALL,0,,,,
1115,1,45899,99.41519201195608,pthread_mutex_lock+0x65,UNCOND,0,,,,
1116,1,45900,99.41735796746735,redisvFormatCommand+0x6a0,RET,0,,,,
1117,1,45901,99.41952392297863,redisvFormatCommand+0x81,UNCOND,0,,,,
1118,1,45902,99.4216898784899,_mongoc_rpc_gather+0x430,UNCOND,0,,,,
1119,1,45903,99.42385583400117,pthread_create+0x1b7,UNCOND,0,,,,
1120,1,45904,99.42602178951245,mongoc_server_description_handle_ismaster+0xa72,UNCOND,0,,,,
1121,1,45905,99.42818774502372,_mongoc_rpc_gather+0x47c,RET,0,,,,
1122,1,45906,99.430353700535,ns_name_pack+0xe0,COND,0,,,,
1123,1,45907,99.43251965604627,_mongoc_client_session_new+0x7d,RET,0,,,,
1124,1,45908,99.43468561155754,bson_append_document+0x8f,RET,0,,,,
1125,1,45909,99.43685156706881,_bcon_append_tokenize+0x6d,COND,0,,,,
1126,1,45910,99.43901752258009,social_network::UserTimelineService_ReadUserTimeline_args::read(apache::thrift::protocol::TProtocol*)+0x308,RET,0,,,,
1127,1,45911,99.44118347809136,_mongoc_topology_update_cluster_time+0x1a,RET,0,,,,
1128,1,45912,99.44334943360263,jaegertracing::thrift::SpanRef::__set_spanId(long)@plt+0x0,CALL,0,,,,
1129,1,45913,99.44551538911391,pthread_attr_setdetachstate+0x0,IND,0,,,,
1130,1,45914,99.44768134462518,mongoc_server_description_handle_ismaster+0x448,RET,0,,,,
1131,1,45915,99.44984730013645,mongoc_server_description_new_copy+0x7f,RET,0,,,,
1132,1,45916,99.45201325564773,getaddrinfo+0x3d3,UNCOND,0,,,,
1133,1,45917,99.454179211159,apache::thrift::concurrency::Mutex::~Mutex()+0x0,IND_CALL,0,,,,
1134,1,45918,99.45634516667027,apache::thrift::protocol::TCompactProtocolT<apache::thrift::transport::TTransport>::~TCompactProtocolT()+0x73,RET,0,,,,
1135,1,45919,99.45851112218155,mongoc_collection_find_and_modify_with_opts+0x5a4,RET,0,,,,
1136,1,45920,99.46067707769282,mongoc_collection_find_and_modify_with_opts+0x183,RET,0,,,,
1137,1,45921,99.4628430332041,_dl_allocate_tls+0x65,RET,0,,,,
1138,1,45922,99.46500898871537,mongoc_find_and_modify_opts_new@plt+0x0,CALL,0,,,,
1139,1,45923,99.46717494422664,bson_snprintf@plt+0x0,CALL,0,,,,
1140,1,45924,99.46934089973792,_mongoc_client_session_handle_reply+0x5b,RET,0,,,,
1141,1,45925,99.47150685524919,jaegertracing::thrift::Tag::~Tag()+0x0,IND_CALL,0,,,,
1142,1,45926,99.47367281076046,mongoc_client_pool_pop+0x72,RET,0,,,,
1143,1,45927,99.47583876627174,_mongoc_topology_pop_server_session+0xcf,COND,0,,,,
1144,1,45928,99.47800472178301,jaegertracing::Span::~Span()+0x20e,COND,0,,,,
1145,1,45929,99.48017067729428,social_network::Creator::read(apache::thrift::protocol::TProtocol*)+0x0,CALL,0,,,,
1146,1,45930,99.48233663280556,sw::redis::ConnectionPool::fetch()+0x125,COND,1,0x25db5,0x25d80,_ZN2sw5redis14ConnectionPool5fetchEv,sw::redis::ConnectionPool::fetch()
1147,1,45931,99.48450258831683,_mongoc_cmd_check_ok+0x5a,RET,0,,,,
1148,1,45932,99.48666854382812,social_network::UserTimelineService_WriteUserTimeline_args::read(apache::thrift::protocol::TProtocol*)+0x43a,RET,0,,,,
1149,1,45933,99.48883449933939,social_network::UserTimelineService_WriteUserTimeline_args::read(apache::thrift::protocol::TProtocol*)+0x423,RET,0,,,,
1150,1,45934,99.49100045485066,__cxa_begin_catch+0x0,IND,0,,,,
1151,1,45935,99.49316641036194,std::thread::_State::~_State()+0x0,IND,0,,,,
1152,1,45936,99.49533236587321,_mongoc_cluster_stream_for_server+0x402,RET,0,,,,
1153,1,45937,99.49749832138448,mongoc_server_stream_new+0x25,RET,0,,,,
1154,1,45938,99.49966427689576,sdsMakeRoomFor+0x6c,UNCOND,0,,,,
1155,1,45939,99.50183023240703,social_network::Post::read(apache::thrift::protocol::TProtocol*)+0x137,IND,0,,,,
1156,1,45940,99.5039961879183,_mongoc_stream_socket_readv+0x5b,UNCOND,0,,,,
1157,1,45941,99.50616214342958,mongoc_cmd_parts_cleanup+0x34,RET,0,,,,
1158,1,45942,99.50832809894085,redisvFormatCommand+0x2e,RET,0,,,,
1159,1,45943,99.51049405445212,social_network::UserTimelineService_ReadUserTimeline_args::read(apache::thrift::protocol::TProtocol*)+0x43a,RET,0,,,,
1160,1,45944,99.5126600099634,redisReaderGetReply+0x2b0,COND,0,,,,
1161,1,45945,99.51482596547467,mongoc_cmd_parts_assemble+0x423,UNCOND,0,,,,
1162,1,45946,99.51699192098594,mongoc_server_description_handle_ismaster+0x239,RET,0,,,,
1163,1,45947,99.51915787649722,_mongoc_client_session_new+0xd9,COND,0,,,,
1164,1,45948,99.52132383200849,mongoc_server_description_handle_ismaster+0x439,RET,0,,,,
1165,1,45949,99.52348978751976,mongoc_error_has_label+0x3e,RET,0,,,,
1166,1,45950,99.52565574303104,_mongoc_client_session_handle_reply+0x6e,COND,0,,,,
1167,1,45951,99.52782169854231,redisvFormatCommand+0x490,UNCOND,0,,,,
1168,1,45952,99.52998765405358,sdscatfmt+0x693,RET,0,,,,
1169,1,45953,99.53215360956486,apache::thrift::protocol::TCompactProtocolFactoryT<apache::thrift::transport::TTransport>::getProtocol(std::shared_ptr<apache::thrift::transport::TTransport>)+0x96,RET,0,,,,
1170,1,45954,99.53431956507613,redisFormatSdsCommandArgv+0xb0,COND,0,,,,
1171,1,45955,99.5364855205874,_dl_allocate_tls+0x0,IND,0,,,,
1172,1,45956,99.53865147609868,_mongoc_rpc_gather@plt+0x0,CALL,0,,,,
1173,1,45957,99.54081743160995,mongoc_read_prefs_destroy@plt+0x0,CALL,0,,,,
1174,1,45958,99.54298338712123,mongoc_server_description_handle_ismaster+0x4a0,COND,0,,,,
1175,1,45959,99.5451493426325,mongoc_read_concern_destroy+0x29,COND,0,,,,
1176,1,45960,99.54731529814377,mongoc_cluster_run_command_monitored+0x34,RET,0,,,,
1177,1,45961,99.54948125365505,mongoc_socket_sendv+0x140,COND,0,,,,
1178,1,45962,99.55164720916632,_mongoc_client_session_append_read_concern+0x53,COND,0,,,,
1179,1,45963,99.55381316467759,mongoc_server_description_new_copy+0x8b,RET,0,,,,
1180,1,45964,99.55597912018887,jaegertracing::thrift::SpanRef::__set_refType(jaegertracing::thrift::SpanRefType::type)@plt+0x0,CALL,0,,,,
1181,1,45965,99.55814507570014,mongoc_cmd_parts_assemble+0x80,COND,0,,,,
1182,1,45966,99.56031103121141,jaegertracing::UDPTransport::flush()+0x84,RET,0,,,,
1183,1,45967,99.56247698672269,_mongoc_buffer_init+0x52,RET,0,,,,
1184,1,45968,99.56464294223397,bson_get_monotonic_time@plt+0x0,CALL,0,,,,
1185,1,45969,99.56680889774525,social_network::Media::read(apache::thrift::protocol::TProtocol*)+0xe0,COND,0,,,,
1186,1,45970,99.56897485325652,redisvFormatCommand+0x387,COND,0,,,,
1187,1,45971,99.5711408087678,_mongoc_document_is_pipeline+0x91,RET,0,,,,
1188,1,45972,99.57330676427907,redisFormatSdsCommandArgv+0x23f,UNCOND,0,,,,
1189,1,45973,99.57547271979034,std::_V2::system_category()+0x0,IND,0,,,,
1190,1,45974,99.57763867530161,mongoc_socket_errno@plt+0x0,CALL,0,,,,
1191,1,45975,99.57980463081289,redisNetWrite+0x50,UNCOND,0,,,,
1192,1,45976,99.58197058632416,jaegertracing::SpanContext::fromStream(std::istream&)+0x3c4,UNCOND,0,,,,
1193,1,45977,99.58413654183543,mongoc_find_and_modify_opts_destroy+0x14,RET,0,,,,
1194,1,45978,99.58630249734671,apache::thrift::protocol::TCompactProtocolT<apache::thrift::transport::TTransport>::~TCompactProtocolT()+0x6b,RET,0,,,,
1195,1,45979,99.58846845285798,mongoc_server_description_new_copy+0x1a,RET,0,,,,
1196,1,45980,99.59063440836925,mongoc_collection_find_and_modify+0x6b,RET,0,,,,
1197,1,45981,99.59280036388053,mongoc_server_stream_cleanup@plt+0x0,CALL,0,,,,
1198,1,45982,99.5949663193918,jaegertracing::Span::~Span()+0x131,COND,0,,,,
1199,1,45983,99.59713227490307,mongoc_cmd_parts_assemble+0x17c,RET,0,,,,
1200,1,45984,99.59929823041435,mongoc_cluster_run_opmsg+0x451,UNCOND,0,,,,
1201,1,45985,99.60146418592562,sw::redis::SafeConnection::~SafeConnection()+0xaa,COND,1,0x36f7a,0x36f40,_ZN2sw5redis14SafeConnectionD2Ev,sw::redis::SafeConnection::~SafeConnection()
1202,1,45986,99.6036301414369,redisReaderGetReply+0xf12,UNCOND,0,,,,
1203,1,45987,99.60579609694817,bson_strdupv_printf@plt+0x0,CALL,0,,,,
1204,1,45988,99.60796205245944,malloc+0xb1,UNCOND,0,,,,
1205,1,45989,99.61012800797072,std::__future_base::_Result_base::_Result_base()@plt+0x0,CALL,0,,,,
1206,1,45990,99.61229396348199,redisvFormatCommand+0x6c9,RET,0,,,,
1207,1,45991,99.61445991899326,mongoc_cmd_parts_assemble+0x23d,COND,0,,,,
1208,1,45992,99.61662587450454,_Unwind_Find_FDE+0x0,IND,0,,,,
1209,1,45993,99.61879183001581,bson_malloc+0xc,RET,0,,,,
1210,1,45994,99.62095778552708,social_network::Url::~Url()+0x26,RET,0,,,,
1211,1,45995,99.62312374103836,social_network::Post::read(apache::thrift::protocol::TProtocol*)+0x317,RET,0,,,,
1212,1,45996,99.62528969654963,mongoc_server_description_handle_ismaster+0xa0c,COND,0,,,,
1213,1,45997,99.6274556520609,std::ios_base::_M_init()+0x4a,RET,0,,,,
1214,1,45998,99.62962160757218,mongoc_cluster_run_opmsg+0x29e,RET,0,,,,
1215,1,45999,99.63178756308345,mongoc_read_prefs_destroy+0x21,COND,0,,,,
1216,1,46000,99.63395351859472,jaegertracing::SpanContext::fromStream(std::istream&)+0x13c,COND,0,,,,
1217,1,46001,99.636119474106,__ctype_b_loc+0x0,IND,0,,,,
1218,1,46002,99.63828542961727,apache::thrift::protocol::TCompactProtocolT<apache::thrift::transport::TTransport>::writeMessageEnd()+0x0,IND,0,,,,
1219,1,46003,99.64045138512854,redisReaderFeed+0xd8,IND,0,,,,
1220,1,46004,99.64261734063982,mongoc_write_concern_is_acknowledged+0x1d,COND,0,,,,
1221,1,46005,99.6447832961511,mongoc_server_description_new_copy@plt+0x0,CALL,0,,,,
1222,1,46006,99.64694925166238,_mongoc_cmd_check_ok_no_wce+0x40,RET,0,,,,
1223,1,46007,99.64911520717365,jaegertracing::SpanContext::fromStream(std::istream&)+0x16c,RET,0,,,,
1224,1,46008,99.65128116268492,bcon_append_ctx_va+0x230,IND,0,,,,
1225,1,46009,99.6534471181962,_mongoc_client_session_handle_reply+0xc8,RET,0,,,,
1226,1,46010,99.65561307370747,social_network::UserMention::read(apache::thrift::protocol::TProtocol*)+0xe0,COND,0,,,,
1227,1,46011,99.65777902921874,pthread_cond_signal+0x1bf,COND,0,,,,
1228,1,46012,99.65994498473002,social_network::ServiceException::~ServiceException()+0x3e,COND,0,,,,
1229,1,46013,99.66211094024129,apache::thrift::server::TThreadedServer::onClientDisconnected(apache::thrift::server::TConnectedClient*)+0x20,RET,0,,,,
1230,1,46014,99.66427689575256,bcon_append_ctx_va+0x6e,RET,0,,,,
1231,1,46015,99.66644285126384,_Unwind_Resume+0x3b,RET,0,,,,
1232,1,46016,99.66860880677511,redisReaderGetReply+0x84c,COND,0,,,,
1233,1,46017,99.67077476228638,_mongoc_queue_pop_head@plt+0x0,CALL,0,,,,
1234,1,46018,99.67294071779766,createIntegerObject+0x1e,RET,0,,,,
1235,1,46019,99.67510667330893,_mongoc_topology_pop_server_session@plt+0x0,CALL,0,,,,
1236,1,46020,99.6772726288202,_mongoc_collection_new+0x99,UNCOND,0,,,,
1237,1,46021,99.67943858433148,jaegertracing::TraceID::fromStream(std::istream&)+0x43,COND,0,,,,
1238,1,46022,99.68160453984275,getaddrinfo+0x16e6,RET,0,,,,
1239,1,46023,99.68377049535403,apache::thrift::transport::TServerSocket::createSocket(int)+0x0,IND_CALL,0,,,,
1240,1,46024,99.6859364508653,sdscatfmt+0x7cd,IND,0,,,,
1241,1,46025,99.68810240637657,social_network::UserTimelineService_ReadUserTimeline_args::read(apache::thrift::protocol::TProtocol*)+0x36a,RET,0,,,,
1242,1,46026,99.69026836188785,apache::thrift::server::TThreadedServer::onClientDisconnected(apache::thrift::server::TConnectedClient*)+0x0,IND_CALL,0,,,,
1243,1,46027,99.69243431739912,redisvFormatCommand+0x34d,RET,0,,,,
1244,1,46028,99.69460027291039,mongoc_read_concern_copy@plt+0x0,CALL,0,,,,
1245,1,46029,99.69676622842167,bson_append_int32+0x6e,RET,0,,,,
1246,1,46030,99.69893218393294,jaegertracing::SpanContext::fromStream(std::istream&)+0x1eb,COND,0,,,,
1247,1,46031,99.70109813944421,jaegertracing::SpanContext::fromStream(std::istream&)+0x2a0,RET,0,,,,
1248,1,46032,99.70326409495549,std::ostream::flush()+0x3b,RET,0,,,,
1249,1,46033,99.70543005046676,_mongoc_collection_new+0xe0,RET,0,,,,
1250,1,46034,99.70759600597803,_mongoc_get_command_name+0x37,RET,0,,,,
1251,1,46035,99.7097619614893,jaegertracing::thrift::Span::~Span()+0xd2,RET,0,,,,
1252,1,46036,99.71192791700058,mongoc_server_description_handle_ismaster+0x37f,RET,0,,,,
1253,1,46037,99.71409387251185,social_network::Post::read(apache::thrift::protocol::TProtocol*)+0x272,IND,0,,,,
1254,1,46038,99.71625982802313,jaegertracing::SpanContext::~SpanContext()+0x2f,RET,0,,,,
1255,1,46039,99.7184257835344,mongoc_write_concern_destroy+0x21,RET,0,,,,
1256,1,46040,99.72059173904567,mongoc_write_concern_copy@plt+0x0,CALL,0,,,,
1257,1,46041,99.72275769455695,mongoc_collection_find_and_modify_with_opts+0x25b,COND,0,,,,
1258,1,46042,99.72492365006823,redisReaderGetReply+0x222,IND,0,,,,
1259,1,46043,99.72708960557951,mongoc_stream_buffered_readv+0x8c,UNCOND,0,,,,
1260,1,46044,99.72925556109078,createStringObject+0x109,UNCOND,0,,,,
1261,1,46045,99.73142151660205,bson_iter_init_find+0xbb,UNCOND,0,,,,
1262,1,46046,99.73358747211333,mongoc_topology_select_server_id+0x237,UNCOND,0,,,,
1263,1,46047,99.7357534276246,mongoc_topology_description_server_by_id+0x17,RET,0,,,,
1264,1,46048,99.73791938313587,apache::thrift::transport::TServerSocket::acceptImpl()+0x7a,RET,0,,,,
1265,1,46049,99.74008533864715,_IO_fwrite+0x0,IND,0,,,,
1266,1,46050,99.74225129415842,mongoc_server_description_destroy+0x48,RET,0,,,,
1267,1,46051,99.7444172496697,pthread_cond_clockwait+0x1e8,RET,0,,,,
1268,1,46052,99.74658320518097,_mongoc_get_command_name+0x2b,RET,0,,,,
1269,1,46053,99.74874916069224,apache::thrift::protocol::TProtocol::~TProtocol()@plt+0x0,CALL,0,,,,
1270,1,46054,99.75091511620352,_mongoc_socket_wait+0x37,RET,0,,,,
1271,1,46055,99.75308107171479,sdsrange+0xde,COND,0,,,,
1272,1,46056,99.75524702722606,mongoc_stream_buffered_readv+0x162,UNCOND,0,,,,
1273,1,46057,99.75741298273734,pthread_create+0x6b,RET,0,,,,
1274,1,46058,99.75957893824861,mongoc_cluster_run_command_monitored+0x52,RET,0,,,,
1275,1,46059,99.76174489375988,_mongoc_write_concern_get_bson+0x9f,COND,0,,,,
1276,1,46060,99.76391084927116,social_network::UserTimelineService_ReadUserTimeline_args::read(apache::thrift::protocol::TProtocol*)+0x1c4,RET,0,,,,
1277,1,46061,99.76607680478243,bson_append_document+0x58,COND,0,,,,
1278,1,46062,99.7682427602937,_Unwind_Find_FDE+0xe8,COND,0,,,,
1279,1,46063,99.77040871580498,__socket+0x0,CALL,0,,,,
1280,1,46064,99.77257467131625,memchr@plt+0x0,CALL,0,,,,
1281,1,46065,99.77474062682752,jaegertracing::TraceID::fromStream(std::istream&)+0x1db,COND,0,,,,
1282,1,46066,99.7769065823388,social_network::Url::read(apache::thrift::protocol::TProtocol*)+0xf6,RET,0,,,,
1283,1,46067,99.77907253785007,bson_snprintf+0x91,RET,0,,,,
1284,1,46068,99.78123849336134,_dl_allocate_tls+0x15a,RET,0,,,,
1285,1,46069,99.78340444887262,sdscatfmt+0x45b,COND,0,,,,
1286,1,46070,99.78557040438389,_mongoc_stream_writev_full@plt+0x0,CALL,0,,,,
1287,1,46071,99.78773635989516,_bcon_append_tokenize+0xd6,IND,0,,,,
1288,1,46072,99.78990231540644,redisvFormatCommand+0x147,COND,0,,,,
1289,1,46073,99.79206827091771,_mongoc_topology_update_last_used@plt+0x0,CALL,0,,,,
1290,1,46074,99.79423422642898,strerror_l+0x0,UNCOND,0,,,,
1291,1,46075,99.79640018194026,mongoc_server_description_handle_ismaster+0x341,RET,0,,,,
1292,1,46076,99.79856613745153,mongoc_cmd_parts_assemble+0x29d,RET,0,,,,
1293,1,46077,99.8007320929628,std::ios_base::~ios_base()+0x1d,RET,0,,,,
1294,1,46078,99.80289804847409,mongoc_stream_buffered_readv+0x116,RET,0,,,,
1295,1,46079,99.80506400398536,social_network::Post::read(apache::thrift::protocol::TProtocol*)+0x692,COND,0,,,,
1296,1,46080,99.80722995949664,redisvFormatCommand+0x459,COND,0,,,,
1297,1,46081,99.80939591500791,sw::redis::SafeConnection::~SafeConnection()+0x5d,RET,1,0x36f2d,0x36f00,_ZN2sw5redis14SafeConnectionD2Ev,sw::redis::SafeConnection::~SafeConnection()
1298,1,46082,99.81156187051918,social_network::Post::read(apache::thrift::protocol::TProtocol*)+0x1ef,IND,0,,,,
1299,1,46083,99.81372782603046,mongoc_server_description_handle_ismaster+0x577,RET,0,,,,
1300,1,46084,99.81589378154173,sdscatlen+0x4e,UNCOND,0,,,,
1301,1,46085,99.818059737053,sdscatfmt+0x3d2,UNCOND,0,,,,
1302,1,46086,99.82022569256428,jaegertracing::thrift::Span::~Span()+0x95,COND,0,,,,
1303,1,46087,99.82239164807555,sdsMakeRoomFor+0x1e8,IND,0,,,,
1304,1,46088,99.82455760358683,mongoc_server_description_new_copy+0x73,RET,0,,,,
1305,1,46089,99.8267235590981,_parse_error_reply+0x1a0,COND,0,,,,
1306,1,46090,99.82888951460937,bson_copy+0x55,RET,0,,,,
1307,1,46091,99.83105547012065,bson_copy_to+0xb0,RET,0,,,,
1308,1,46092,99.83322142563192,jaegertracing::SpanContext::swap(jaegertracing::SpanContext&)+0x116,COND,0,,,,
1309,1,46093,99.83538738114319,mongoc_cluster_run_opmsg+0x34b,RET,0,,,,
1310,1,46094,99.83755333665447,sdsMakeRoomFor+0x63,IND,0,,,,
1311,1,46095,99.83971929216574,__libc_ns_samename+0x0,CALL,0,,,,
1312,1,46096,99.84188524767701,_ZN2sw5redis7CmdArgslsIRKdTnNSt9enable_ifIXsr3std13is_arithmeticINSt5decayIT_E4typeEEE5valueEiE4typeELi0EEERS1_OS7_+0xcb,COND,1,0x1f39b,0x1f380,_ZN2sw5redis7CmdArgslsIRKdTnNSt9enable_ifIXsr3std13is_arithmeticINSt5decayIT_E4typeEEE5valueEiE4typeELi0EEERS1_OS7_,"sw::redis::CmdArgs& sw::redis::CmdArgs::operator<<<double const&, 0>(double const&)"
1313,1,46097,99.84405120318829,__libc_fcntl64+0x0,IND,0,,,,
1314,1,46098,99.84621715869956,mongoc_topology_compatible@plt+0x0,CALL,0,,,,
1315,1,46099,99.84838311421083,redisNetWrite+0x97,COND,0,,,,
1316,1,46100,99.8505490697221,_dl_allocate_tls_init+0x15d,RET,0,,,,
1317,1,46101,99.85271502523338,_IO_fflush+0x0,IND,0,,,,
1318,1,46102,99.85488098074465,mongoc_cmd_parts_assemble+0xdd,RET,0,,,,
1319,1,46103,99.85704693625593,mongoc_find_and_modify_opts_set_sort@plt+0x0,CALL,0,,,,
1320,1,46104,99.8592128917672,sprintf@plt+0x0,CALL,0,,,,
1321,1,46105,99.86137884727847,redisBufferWrite+0xea,RET,0,,,,
1322,1,46106,99.86354480278975,mongoc_collection_find_and_modify_with_opts+0x2d2,RET,0,,,,
1323,1,46107,99.86571075830102,redisFormatSdsCommandArgv+0x166,RET,0,,,,
1324,1,46108,99.8678767138123,_mongoc_cluster_stream_for_optype+0x7b,COND,0,,,,
1325,1,46109,99.87004266932357,_bson_iter_next_internal+0x7d,IND,0,,,,
1326,1,46110,99.87220862483484,mongoc_client_pool_push+0x0,IND,0,,,,
1327,1,46111,99.87437458034611,mongoc_cmd_is_compressible+0x39,RET,0,,,,
1328,1,46112,99.87654053585739,redisBufferWrite+0x191,UNCOND,0,,,,
1329,1,46113,99.87870649136866,std::ios_base::_M_dispose_callbacks()+0x51,COND,0,,,,
1330,1,46114,99.88087244687993,redisFormatSdsCommandArgv+0x1b7,RET,0,,,,
1331,1,46115,99.88303840239122,mongoc_client_start_session@plt+0x0,CALL,0,,,,
1332,1,46116,99.8852043579025,_mongoc_rpc_gather+0x370,RET,0,,,,
1333,1,46117,99.88737031341377,sdscatfmt+0x4e5,COND,0,,,,
1334,1,46118,99.88953626892504,mongoc_find_and_modify_opts_set_fields@plt+0x0,CALL,0,,,,
1335,1,46119,99.89170222443632,bson_iter_as_bool+0x37,IND,0,,,,
1336,1,46120,99.89386817994759,redisReaderGetReply+0xdae,RET,0,,,,
1337,1,46121,99.89603413545886,_IO_file_xsputn+0x0,IND_CALL,0,,,,
1338,1,46122,99.89820009097014,bson_copy+0x87,RET,0,,,,
1339,1,46123,99.90036604648141,mongoc_cluster_run_opmsg+0xab,RET,0,,,,
1340,1,46124,99.90253200199268,jaegertracing::SpanContext::fromStream(std::istream&)+0x399,COND,0,,,,
1341,1,46125,99.90469795750396,bson_reinit@plt+0x0,CALL,0,,,,
1342,1,46126,99.90686391301523,redisFormatSdsCommandArgv+0xdc,UNCOND,0,,,,
1343,1,46127,99.9090298685265,sw::redis::SafeConnection::~SafeConnection()+0x6f,COND,1,0x36f3f,0x36f00,_ZN2sw5redis14SafeConnectionD2Ev,sw::redis::SafeConnection::~SafeConnection()
1344,1,46128,99.91119582403778,social_network::Media::read(apache::thrift::protocol::TProtocol*)+0x95,RET,0,,,,
1345,1,46129,99.91336177954905,jaegertracing::Span::~Span()+0x151,RET,0,,,,
1346,1,46130,99.91552773506032,apache::thrift::concurrency::PthreadThread::start()+0x1cc,RET,0,,,,
1347,1,46131,99.9176936905716,redisReaderGetReply+0xbb0,COND,0,,,,
1348,1,46132,99.91985964608287,redisAppendCommand+0x15c,UNCOND,0,,,,
1349,1,46133,99.92202560159414,apache::thrift::protocol::TCompactProtocolT<apache::thrift::transport::TTransport>::~TCompactProtocolT()+0x5d,RET,0,,,,
1350,1,46134,99.92419155710542,mongoc_server_description_handle_ismaster+0x15a,COND,0,,,,
1351,1,46135,99.92635751261669,bson_append_int32@plt+0x0,CALL,0,,,,
1352,1,46136,99.92852346812796,sw::redis::ConnectionPool::release(sw::redis::Connection)+0x1d,RET,1,0x2662d,0x26600,_ZN2sw5redis14ConnectionPool7releaseENS0_10ConnectionE,sw::redis::ConnectionPool::release(sw::redis::Connection)
1353,1,46137,99.93068942363924,mongoc_cmd_parts_assemble+0x10c,UNCOND,0,,,,
1354,1,46138,99.93285537915051,mongoc_server_stream_cleanup+0x21,RET,0,,,,
1355,1,46139,99.93502133466178,ns_name_pton+0x7c,COND,0,,,,
1356,1,46140,99.93718729017306,social_network::Post::~Post()+0x5f,RET,0,,,,
1357,1,46141,99.93935324568433,sdscatfmt+0x823,UNCOND,0,,,,
1358,1,46142,99.9415192011956,__res_context_query+0x368,COND,0,,,,
1359,1,46143,99.94368515670688,redisReaderFeed+0x31,COND,0,,,,
1360,1,46144,99.94585111221815,_bson_append_bson_begin+0x59,COND,0,,,,
1361,1,46145,99.94801706772942,_IO_file_overflow+0xdc,COND,0,,,,
1362,1,46146,99.9501830232407,_mongoc_topology_push_server_session@plt+0x0,UNCOND,0,,,,
1363,1,46147,99.95234897875197,_mongoc_get_command_name+0x58,COND,0,,,,
1364,1,46148,99.95451493426324,_mongoc_cluster_stream_for_server@plt+0x0,UNCOND,0,,,,
1365,1,46149,99.95668088977452,apache::thrift::protocol::TProtocolFactory::~TProtocolFactory()@plt+0x0,CALL,0,,,,
1366,1,46150,99.95884684528579,redisvFormatCommand+0x588,IND,0,,,,
1367,1,46151,99.96101280079708,social_network::Post::read(apache::thrift::protocol::TProtocol*)+0x31c,IND,0,,,,
1368,1,46152,99.96317875630835,mongoc_server_description_handle_ismaster+0x4b6,RET,0,,,,
1369,1,46153,99.96534471181963,apache::thrift::protocol::TCompactProtocolFactoryT<apache::thrift::transport::TTransport>::getProtocol(std::shared_ptr<apache::thrift::transport::TTransport>)+0x1c8,COND,0,,,,
1370,1,46154,99.9675106673309,freeReplyObject+0x50,COND,0,,,,
1371,1,46155,99.96967662284217,sdscatvprintf+0xab,RET,0,,,,
1372,1,46156,99.97184257835345,mongoc_find_and_modify_opts_new+0x1a,RET,0,,,,
1373,1,46157,99.97400853386472,_mongoc_client_session_append_txn+0x2f,RET,0,,,,
1374,1,46158,99.97617448937599,bson_destroy+0x2c,COND,0,,,,
1375,1,46159,99.97834044488727,mongoc_cmd_parts_assemble+0x818,RET,0,,,,
1376,1,46160,99.98050640039854,social_network::UserTimelineService_ReadUserTimeline_args::read(apache::thrift::protocol::TProtocol*)+0x423,RET,0,,,,
1377,1,46161,99.98267235590981,social_network::Url::read(apache::thrift::protocol::TProtocol*)+0x80,UNCOND,0,,,,
1378,1,46162,99.98483831142109,social_network::Media::read(apache::thrift::protocol::TProtocol*)+0xfb,UNCOND,0,,,,
1379,1,46163,99.98700426693236,social_network::Media::read(apache::thrift::protocol::TProtocol*)+0x52,RET,0,,,,
1380,1,46164,99.98917022244363,sdscatvprintf+0x4e,COND,0,,,,
1381,1,46165,99.9913361779549,_mongoc_collection_new+0x5d,UNCOND,0,,,,
1382,1,46166,99.99350213346618,_mongoc_rand_simple+0x0,IND,0,,,,
1383,1,46167,99.99566808897745,_Unwind_GetIPInfo+0x0,IND,0,,,,
1384,1,46168,99.99783404448873,social_network::UserTimelineService_WriteUserTimeline_args::read(apache::thrift::protocol::TProtocol*)+0x379,IND,0,,,,
1385,1,46169,100.0,_mongoc_client_session_handle_reply+0xd3,RET,0,,,,
